,acc,loss,norm/attention_head.w_q.weight,norm/attention_head.w_q.bias,norm/attention_head.w_k.weight,norm/attention_head.w_k.bias,norm/attention_head.w_v.weight,norm/attention_head.w_v.bias,norm/attention_head.w_o.weight,norm/attention_head.w_o.bias,eval_acc
0,0.3875,1.134573311805725,0.00032322219340130687,0.00032322219340130687,0.0013970403233543038,1.8189894035458565e-09,0.07756999135017395,0.09395817667245865,0.2906529903411865,0.46082788705825806,0.44333332777023315
1,0.3875,1.107576904296875,0.0004504164098761976,0.0004504164098761976,0.0015615674201399088,6.330083124339581e-10,0.074884332716465,0.09324590861797333,0.28316730260849,0.47927457094192505,0.44333332777023315
2,0.3875,1.0844146585464478,0.0002913688658736646,0.0002913688658736646,0.0009328284068033099,1.331500243395567e-09,0.04840350151062012,0.0429166741669178,0.23367749154567719,0.42246726155281067,0.44333332777023315
3,0.3875,1.0628171730041505,0.0002706313389353454,0.0002706313389353454,0.0007397752488031983,5.820766091346741e-11,0.03912636637687683,0.03137105703353882,0.21868841350078583,0.42033571004867554,0.44333332777023315
4,0.3875,1.0439691972732543,3.0100611184025183e-05,3.0100596632109955e-05,0.00027818072703666985,1.0913936421275139e-11,0.03310535103082657,0.010386220179498196,0.1834004521369934,0.371934175491333,0.44333332777023315
5,0.3875,1.0258551597595216,6.099362508393824e-07,6.099253369029611e-07,0.0003421467845328152,5.347828846424818e-10,0.03176373243331909,0.006498407572507858,0.18347656726837158,0.3866014778614044,0.44333332777023315
6,0.3875,1.0100480675697328,0.0003573891881387681,0.0003573891590349376,0.0008003985276445746,4.511093720793724e-10,0.04439004510641098,0.047829702496528625,0.15438714623451233,0.33472970128059387,0.44333332777023315
7,0.3875,0.9945635962486267,0.00038155357469804585,0.0003815536038018763,0.001118347281590104,5.238689482212067e-10,0.04785927012562752,0.05468462407588959,0.14937427639961243,0.32758957147598267,0.44333332777023315
8,0.3875,0.9794671297073364,0.00019640050595626235,0.00019640050595626235,0.0009232235606759787,1.7171259969472885e-09,0.0346619188785553,0.0359538234770298,0.16436251997947693,0.36012598872184753,0.44333332777023315
9,0.3875,0.9655568313598633,0.00023409785353578627,0.00023409785353578627,0.0016783291939646006,5.420588422566652e-10,0.04799997806549072,0.06198382377624512,0.1476828008890152,0.3171156644821167,0.44333332777023315
10,0.3875,0.9512484073638916,5.960724229225889e-05,5.9607235016301274e-05,0.0012658723862841725,3.92901711165905e-10,0.03602970391511917,0.04152435064315796,0.1711208075284958,0.3595485985279083,0.4583333432674408
11,0.5375,0.9379936599731445,0.0001350768143311143,0.0001350768143311143,0.0027031328063458204,1.4551915228366852e-11,0.06284179538488388,0.08412964642047882,0.1392761766910553,0.278239369392395,0.5566666722297668
12,0.615,0.9242143559455872,0.0004326848720666021,0.00043268490117043257,0.002867395058274269,1.4551915228366852e-10,0.05926700681447983,0.08084358274936676,0.14420004189014435,0.27662134170532227,0.5566666722297668
13,0.6125,0.9104779767990112,0.0006292628822848201,0.0006292628822848201,0.0026631292421370745,9.74978320300579e-10,0.05024993419647217,0.0681995153427124,0.1614467054605484,0.2980087697505951,0.5566666722297668
14,0.6125,0.8970816493034363,0.0010105634573847055,0.0010105634573847055,0.003311826614663005,1.949956640601158e-09,0.056934814900159836,0.077654629945755,0.15549685060977936,0.26915860176086426,0.5566666722297668
15,0.6125,0.8838264131546021,0.001554756541736424,0.001554756541736424,0.004282192327082157,2.1827872842550278e-11,0.06607374548912048,0.09007415175437927,0.1448468565940857,0.2349984049797058,0.5566666722297668
16,0.6125,0.8704942750930786,0.001905567478388548,0.001905567478388548,0.004605542402714491,7.566995918750763e-10,0.06200365349650383,0.08506464213132858,0.1515405774116516,0.234018936753273,0.5566666722297668
17,0.6125,0.857465591430664,0.0023595746606588364,0.0023595746606588364,0.005264169070869684,8.294591680169106e-10,0.06568672508001328,0.0889526754617691,0.14729860424995422,0.21265725791454315,0.5566666722297668
18,0.6125,0.8444765782356263,0.0022973562590777874,0.0022973562590777874,0.004783289041370153,2.4519977159798145e-09,0.05381271615624428,0.07252471894025803,0.17792044579982758,0.24783363938331604,0.5566666722297668
19,0.6125,0.8319817662239075,0.0029134475626051426,0.0029134475626051426,0.005753395147621632,5.529727786779404e-10,0.058772601187229156,0.07903780788183212,0.16149573028087616,0.2107507288455963,0.5566666722297668
20,0.6125,0.8197954416275024,0.0033410692121833563,0.003341069445014,0.0063532935455441475,8.294591680169106e-10,0.061347655951976776,0.08147475123405457,0.15147891640663147,0.18726137280464172,0.5566666722297668
21,0.6125,0.8080063152313233,0.0038033821620047092,0.003803382394835353,0.00699544558301568,2.939486876130104e-09,0.0630507692694664,0.08293065428733826,0.14284487068653107,0.1651144176721573,0.5566666722297668
22,0.6125,0.7964187216758728,0.00302318437024951,0.00302318437024951,0.005430232733488083,4.249159246683121e-09,0.04814641922712326,0.06203600764274597,0.2117994874715805,0.23658999800682068,0.5566666722297668
23,0.6125,0.7857808065414429,0.003959307912737131,0.003959307912737131,0.006967930123209953,1.4551915228366852e-10,0.06082773208618164,0.07698103785514832,0.1379092037677765,0.14404556155204773,0.5566666722297668
24,0.6125,0.7752375817298889,0.0035186042077839375,0.0035186042077839375,0.006070979405194521,1.9063008949160576e-09,0.05076109245419502,0.06358751654624939,0.1858023852109909,0.18858551979064941,0.5566666722297668
25,0.6125,0.7658152866363526,0.004209453705698252,0.004209454171359539,0.007155688479542732,4.5838532969355583e-10,0.059552669525146484,0.07336176186800003,0.12318472564220428,0.11572886258363724,0.5566666722297668
26,0.6125,0.7567157411575317,0.004239695146679878,0.004239695146679878,0.007101674564182758,2.8594513423740864e-09,0.05680445581674576,0.06929172575473785,0.12024792283773422,0.10766568034887314,0.5566666722297668
27,0.6125,0.7486285734176635,0.004359344951808453,0.004359344951808453,0.00723510654643178,1.8408172763884068e-09,0.06105764955282211,0.07265741378068924,0.1261623650789261,0.09828038513660431,0.5566666722297668
28,0.6125,0.7405697154998779,0.0033569117076694965,0.0033569117076694965,0.005508983973413706,1.0986695997416973e-09,0.04495048522949219,0.05313704162836075,0.18796218931674957,0.15883101522922516,0.5566666722297668
29,0.6125,0.733675925731659,0.0032813791185617447,0.0032813791185617447,0.005354861728847027,2.8994691092520952e-09,0.048764295876026154,0.05605141818523407,0.11808255314826965,0.09646841138601303,0.5566666722297668
30,0.6125,0.7275958919525146,0.003382151946425438,0.003382151946425438,0.0054813870228827,7.62520357966423e-09,0.05204886198043823,0.058906279504299164,0.10641241818666458,0.07397864758968353,0.5566666722297668
31,0.6125,0.7217796301841736,0.002914837561547756,0.002914837561547756,0.004697327967733145,1.6443664208054543e-09,0.04728548228740692,0.05276811122894287,0.08897500485181808,0.06347596645355225,0.5566666722297668
32,0.6125,0.7166346216201782,0.0024419515393674374,0.0024419515393674374,0.003916841931641102,4.351022653281689e-09,0.04237547516822815,0.046619825065135956,0.09865354746580124,0.07198353111743927,0.5566666722297668
33,0.6125,0.7120759201049804,0.0022421982139348984,0.002242198446765542,0.003578850068151951,1.229636836796999e-09,0.04000529646873474,0.04361508786678314,0.09361862391233444,0.06618013978004456,0.5566666722297668
34,0.6125,0.708070387840271,0.0020105750299990177,0.0020105750299990177,0.0032018176279962063,2.253727870993316e-09,0.04082862660288811,0.043860144913196564,0.07895230501890182,0.04899607598781586,0.5566666722297668
35,0.6125,0.7044109296798706,0.001675784238614142,0.001675784238614142,0.002661102684214711,2.4374458007514477e-10,0.036850105971097946,0.03922506794333458,0.07083176076412201,0.04633321613073349,0.5566666722297668
36,0.6125,0.7012526106834411,0.001597883878275752,0.001597883878275752,0.002531431382521987,3.2159732654690742e-09,0.03812604770064354,0.04026424139738083,0.1045716404914856,0.05982556939125061,0.5566666722297668
37,0.6125,0.6983340859413147,0.0012101472821086645,0.0012101472821086645,0.0019148887367919087,3.1359377317130566e-09,0.03253164142370224,0.03406309336423874,0.06327422708272934,0.039464328438043594,0.5566666722297668
38,0.6125,0.6958443903923035,0.000896967074368149,0.000896967074368149,0.0014194872928783298,2.892193151637912e-09,0.028112290427088737,0.029194215312600136,0.10545042902231216,0.06549496948719025,0.5566666722297668
39,0.6125,0.6935645008087158,0.0008621218148618937,0.0008621218148618937,0.0013605562271550298,2.7721398510038853e-09,0.027461934834718704,0.028453532606363297,0.07777618616819382,0.047485485672950745,0.5566666722297668
40,0.6125,0.6915568780899047,0.000703494471963495,0.000703494471963495,0.001111807650886476,2.5938788894563913e-09,0.026548366993665695,0.027328770607709885,0.06259199231863022,0.037583570927381516,0.5566666722297668
41,0.6125,0.6898107099533081,0.0007288483902812004,0.0007288483902812004,0.001148678595200181,1.2396412785165012e-09,0.027418149635195732,0.02819591760635376,0.06070011481642723,0.031916454434394836,0.5566666722297668
42,0.6125,0.6882381081581116,0.00046083368943072855,0.00046083368943072855,0.0007272163056768477,9.276845958083868e-11,0.019833344966173172,0.020307712256908417,0.16635169088840485,0.09383214265108109,0.5566666722297668
43,0.6125,0.6867202162742615,0.0005043609999120235,0.0005043609999120235,0.0007946293335407972,1.6161720850504935e-09,0.02220834605395794,0.02271169051527977,0.06243249028921127,0.035968177020549774,0.5566666722297668
44,0.6125,0.6854627680778503,0.00048377239727415144,0.00048377239727415144,0.0007611538167111576,3.3151081879623234e-09,0.021777022629976273,0.0222463496029377,0.04526872560381889,0.025556674227118492,0.5566666722297668
45,0.6125,0.6843658375740052,0.0004599657841026783,0.0004599657841026783,0.0007234266377054155,2.128217602148652e-09,0.021769441664218903,0.022204330191016197,0.04481454938650131,0.02228982374072075,0.5566666722297668
46,0.6125,0.6834287929534912,0.0005001847166568041,0.0005001847166568041,0.0007848338573239744,3.4669938031584024e-09,0.022966215386986732,0.023426543921232224,0.12798133492469788,0.06412291526794434,0.5566666722297668
47,0.6125,0.6825094628334045,0.0005225797649472952,0.0005225797649472952,0.0008190194494090974,9.094947017729282e-11,0.024150507524609566,0.02461928129196167,0.2224178910255432,0.11193922907114029,0.5566666722297668
48,0.6125,0.6814680075645447,0.00034648217842914164,0.00034648217842914164,0.0005450533353723586,9.094947017729282e-10,0.019199607893824577,0.01950393244624138,0.048662446439266205,0.023200200870633125,0.5566666722297668
49,0.6125,0.6806626582145691,0.0003232546732760966,0.0003232546732760966,0.0005101151764392853,1.393345883116126e-09,0.020259948447346687,0.020539255812764168,0.10852906107902527,0.052587807178497314,0.5566666722297668
50,0.6125,0.6802445650100708,4.07585539505817e-05,4.07585539505817e-05,9.852307266555727e-05,6.166374078020453e-10,0.013577422127127647,0.013616226613521576,0.11175422370433807,0.05776410922408104,0.5566666722297668
51,0.6125,0.6795925545692444,0.0001343448820989579,0.0001343448820989579,0.00022471643751487136,1.724401954561472e-09,0.01687624678015709,0.01698979362845421,0.03998539596796036,0.01826303079724312,0.5566666722297668
52,0.6125,0.6790403151512145,5.242374027147889e-05,5.242373299552128e-05,0.00011172713857376948,2.4119799491018057e-09,0.01438759732991457,0.014433706179261208,0.04395245760679245,0.02318831905722618,0.5566666722297668
53,0.6125,0.6785363864898681,0.00010848973033716902,0.00010848973761312664,0.00018646618991624564,6.702975952066481e-10,0.01626681722700596,0.016357479616999626,0.05850589647889137,0.026538601145148277,0.5566666722297668
54,0.6125,0.6779494094848633,0.00011429202277213335,0.00011429201549617574,0.00019164293189533055,4.085450200363994e-09,0.015223774127662182,0.015317569486796856,0.04524485394358635,0.020238060504198074,0.5566666722297668
55,0.6125,0.6774568963050842,0.00011019982775906101,0.00011019984231097624,0.00018588094098959118,1.3387762010097504e-09,0.01534199994057417,0.015431787818670273,0.06915444880723953,0.031243905425071716,0.5566666722297668
56,0.6125,0.6769477868080139,8.228308433899656e-05,8.228308433899656e-05,0.00014441025268752128,5.2405084716156125e-09,0.013901322148740292,0.013967875391244888,0.036561500281095505,0.015878355130553246,0.5566666722297668
57,0.6125,0.6765124440193176,6.447760097216815e-05,6.447760097216815e-05,0.0001158328159363009,3.748027666006237e-09,0.011958913877606392,0.012010692618787289,0.040350258350372314,0.020518509671092033,0.5566666722297668
58,0.6125,0.6761281299591064,5.872379551874474e-05,5.872379188076593e-05,0.00010751263471320271,7.34871719032526e-10,0.011656171642243862,0.01170281134545803,0.03663889691233635,0.01866769790649414,0.5566666722297668
59,0.6125,0.6757924628257751,7.54728025640361e-05,7.547279528807849e-05,0.00013084222155157477,2.255546860396862e-09,0.012337514199316502,0.01239628903567791,0.029046671465039253,0.01231212168931961,0.5566666722297668
60,0.6125,0.6755173301696777,0.00012988579692319036,0.00012988581147510558,0.0002092191280098632,1.1127667676191777e-09,0.013339437544345856,0.013436674140393734,0.09168951958417892,0.040617238730192184,0.5566666722297668
61,0.6125,0.6751983618736267,9.932595276040956e-06,9.932586181093939e-06,5.259120007394813e-05,2.7812347980216146e-09,0.009386271238327026,0.009396495297551155,0.08752892911434174,0.041993312537670135,0.5566666722297668
62,0.6125,0.6748723244667053,4.6305365685839206e-05,4.63053620478604e-05,8.954925579018891e-05,4.928551788907498e-09,0.010868819430470467,0.010904773138463497,0.019749294966459274,0.008988535962998867,0.5566666722297668
63,0.6125,0.6746717476844788,0.00013107070117257535,0.00013107071572449058,0.00020969485922250897,1.8662831280380487e-09,0.012702864594757557,0.012798004783689976,0.11576277017593384,0.050988417118787766,0.5566666722297668
64,0.6125,0.6743652820587158,1.1536063539097086e-05,1.1536068996065296e-05,5.490850526257418e-05,2.6539055397734046e-09,0.009749517776072025,0.009760466404259205,0.02804490365087986,0.014108131639659405,0.5566666722297668
65,0.6125,0.6743004035949707,0.00011176390398759395,0.00011176389671163633,0.0001796987489797175,4.001776687800884e-10,0.005944372620433569,0.005869162268936634,0.18377164006233215,0.08443723618984222,0.5566666722297668
66,0.6125,0.673891818523407,5.354793756850995e-05,5.354794120648876e-05,9.66803272604011e-05,1.9972503650933504e-09,0.007675353903323412,0.007641942705959082,0.09394288808107376,0.04371294751763344,0.5566666722297668
67,0.6125,0.673733320236206,3.567304520402104e-05,3.5673034290084615e-05,7.559384539490566e-05,2.764863893389702e-10,0.010301199741661549,0.0103287473320961,0.05379912257194519,0.02228570729494095,0.5566666722297668
68,0.6125,0.6734997272491455,3.8677899283356965e-06,3.867797204293311e-06,4.753909888677299e-05,1.1559677659533918e-09,0.00845732819288969,0.008457821793854237,0.037632446736097336,0.018249982967972755,0.5566666722297668
69,0.6125,0.6733272838592529,1.6356390915461816e-05,1.6356400010408834e-05,5.211732059251517e-05,8.658389560878277e-10,0.008683711290359497,0.008697398006916046,0.018129313364624977,0.008927849121391773,0.5566666722297668
70,0.6125,0.6731833839416503,3.1902894988888875e-05,3.1902894988888875e-05,6.6682456235867e-05,8.858478395268321e-10,0.00724291056394577,0.0072245048359036446,0.07816703617572784,0.036030061542987823,0.5566666722297668
71,0.6125,0.6730467605590821,6.048745126463473e-05,6.048745126463473e-05,0.00010502837540116161,2.104570739902556e-09,0.010215039364993572,0.010257456451654434,0.10959680378437042,0.04618185758590698,0.5566666722297668
72,0.6125,0.6729887270927429,8.993731898954138e-05,8.9937326265499e-05,0.0001460108906030655,4.129105946049094e-10,0.0054506114684045315,0.005394183099269867,0.150095596909523,0.0670739933848381,0.5566666722297668
73,0.6125,0.6726690316200257,3.694780025398359e-05,3.694780025398359e-05,7.064134115353227e-05,4.5429260353557765e-10,0.006424522027373314,0.006402616389095783,0.08494056016206741,0.03834758326411247,0.5566666722297668
74,0.6125,0.672495424747467,6.534941348945722e-06,6.534944986924529e-06,4.433359208633192e-05,4.3792169890366495e-10,0.007549096364527941,0.007547235582023859,0.018661735579371452,0.00916983000934124,0.5566666722297668
75,0.6125,0.6723681569099427,1.1575197277124971e-05,1.1575195458135568e-05,4.900988642475568e-05,1.5534169506281614e-09,0.0078199477866292,0.007814684882760048,0.019214926287531853,0.007203024812042713,0.5566666722297668
76,0.6125,0.6722541308403015,2.5089611881412566e-05,2.508961370040197e-05,5.988106568111107e-05,3.3523974707350135e-09,0.008826942183077335,0.008845306932926178,0.08465264737606049,0.034690577536821365,0.5566666722297668
77,0.6125,0.6722740697860717,0.00018027456826530397,0.00018027456826530397,0.0002841030654963106,6.230038707144558e-10,0.004365026019513607,0.0042516915127635,0.15728920698165894,0.06919626891613007,0.5566666722297668
78,0.6125,0.672097487449646,4.4129763409728184e-05,4.4129763409728184e-05,8.454292401438579e-05,2.319211489520967e-09,0.010080902837216854,0.010111173614859581,0.17219962179660797,0.0716562271118164,0.5566666722297668
79,0.6125,0.6718241333961487,4.8689860705053434e-05,4.868986434303224e-05,9.191333083435893e-05,3.357854438945651e-09,0.007848293520510197,0.007819946855306625,0.05185447260737419,0.02027781680226326,0.5566666722297668
80,0.6125,0.6717292213439942,5.8000427088700235e-05,5.800042345072143e-05,0.0001099149594665505,2.1827872842550278e-11,0.009416380897164345,0.00938307587057352,0.13939465582370758,0.05695128068327904,0.5566666722297668
81,0.6125,0.6716077828407288,7.316276605706662e-05,7.316276605706662e-05,0.00012674707977566868,1.4406396076083183e-09,0.007778385654091835,0.0077354758977890015,0.05812610313296318,0.02287948690354824,0.5566666722297668
82,0.6125,0.6716097545623779,4.9154368753079325e-05,4.915436511510052e-05,9.905648767016828e-05,2.128217602148652e-09,0.009528699330985546,0.009501166641712189,0.14454208314418793,0.05899124965071678,0.5566666722297668
83,0.6125,0.6716469168663025,0.00022998488566372544,0.00022998488566372544,0.0003618220507632941,7.530616130679846e-10,0.004499973729252815,0.004359431564807892,0.08208321034908295,0.036043066531419754,0.5566666722297668
84,0.6125,0.6717815923690796,0.0004173738998360932,0.0004173738998360932,0.0006498625734820962,1.4406396076083183e-09,0.0003357508685439825,2.2226013243198395e-06,0.25345733761787415,0.10769569128751755,0.5566666722297668
85,0.6125,0.6716240620613099,9.129461250267923e-05,9.129462705459446e-05,0.00015529496886301786,6.984919309616089e-10,0.008156705647706985,0.008103076368570328,0.09872912615537643,0.03932783752679825,0.5566666722297668
86,0.6125,0.6716110134124755,1.659832923905924e-05,1.6598325601080433e-05,6.4391344494652e-05,3.2105162972584367e-10,0.010335990227758884,0.010348161682486534,0.23795919120311737,0.09692727774381638,0.5566666722297668
87,0.6125,0.6711011505126954,0.00020630974904634058,0.00020630974904634058,0.00032454050960950553,3.1486706575378776e-09,0.003608123632147908,0.003482932224869728,0.12143029272556305,0.052095815539360046,0.5566666722297668
88,0.6125,0.6709572005271912,0.00016563438111916184,0.00016563438111916184,0.00026265252381563187,2.4665496312081814e-09,0.004500876646488905,0.004401075653731823,0.07003694772720337,0.030746817588806152,0.5566666722297668
89,0.6125,0.6709065151214599,0.00023918697843328118,0.00023918697843328118,0.0003750406904146075,4.3655745685100555e-11,0.002836099825799465,0.0026890088338404894,0.16083109378814697,0.06828155368566513,0.5566666722297668
90,0.6125,0.6708679413795471,6.942874460946769e-05,6.942874460946769e-05,0.00011940424155909568,1.1641532182693481e-10,0.006243442185223103,0.006203013472259045,0.04597187787294388,0.01702890731394291,0.5566666722297668
91,0.6125,0.6708205437660217,0.00012111751129850745,0.00012111750402254984,0.00019399351731408387,8.385541150346398e-10,0.0043412623926997185,0.004268753342330456,0.07165978103876114,0.03124253638088703,0.5566666722297668
92,0.6125,0.6708089733123779,0.00014746570377610624,0.00014746567467227578,0.00023364974185824394,1.4842953532934189e-09,0.003539134282618761,0.003450455144047737,0.11839348822832108,0.050275202840566635,0.5566666722297668
93,0.6125,0.6707485103607178,0.00017172141815535724,0.00017172141815535724,0.00027136781136505306,3.699824446812272e-09,0.0035226657055318356,0.00341991288587451,0.11594529449939728,0.0493403896689415,0.5566666722297668
94,0.6125,0.6706765651702881,8.067984890658408e-05,8.067984890658408e-05,0.00013367903011385351,2.3646862246096134e-10,0.004934010095894337,0.004886959213763475,0.016969962045550346,0.008554676547646523,0.5566666722297668
95,0.6125,0.6706427764892579,7.018273754511029e-05,7.01827448210679e-05,0.00011972358333878219,6.511982064694166e-10,0.005566578358411789,0.005525539629161358,0.03745377063751221,0.013194979168474674,0.5566666722297668
96,0.6125,0.6705614829063415,2.723957550188061e-05,2.72395718639018e-05,6.793871580157429e-05,1.2314558262005448e-09,0.007210761774331331,0.007195137906819582,0.15662163496017456,0.061157844960689545,0.5566666722297668
97,0.6125,0.670452721118927,0.00019272416830062866,0.00019272416830062866,0.000305653375107795,1.24236976262182e-09,0.004383297171443701,0.00426874402910471,0.03319956362247467,0.015535720624029636,0.5566666722297668
98,0.6125,0.6703888273239136,0.0002713793364819139,0.00027137930737808347,0.0004262796719558537,5.275069270282984e-11,0.0030412960331887007,0.002877189079299569,0.09870070964097977,0.04187118634581566,0.5566666722297668
99,0.6125,0.6702427268028259,0.00019383622566238046,0.00019383619655855,0.00031224620761349797,3.4560798667371273e-10,0.0070060244761407375,0.006891075521707535,0.12052632123231888,0.04589354246854782,0.5566666722297668
100,0.6125,0.6701680755615235,0.00019907380919903517,0.0001990738237509504,0.00031767020118422806,4.256435204297304e-10,0.005414494778960943,0.005295799113810062,0.03869939595460892,0.01343478448688984,0.5566666722297668
101,0.6125,0.670198564529419,0.00038561245310120285,0.0003856124822050333,0.0006049441290087998,1.2441887520253658e-09,0.0032530438620597124,0.0030184562783688307,0.06900480389595032,0.030054869130253792,0.5566666722297668
102,0.6125,0.6703492403030396,0.0005936817033216357,0.0005936817033216357,0.0009249576251022518,1.1041265679523349e-09,0.0011883251136168838,0.0014983373694121838,0.27217957377433777,0.1110815554857254,0.5566666722297668
103,0.6125,0.6700007009506226,0.00028574554016813636,0.00028574554016813636,0.0004498489142861217,2.382876118645072e-09,0.0033480601850897074,0.0031762863509356976,0.05889401584863663,0.025589069351553917,0.5566666722297668
104,0.6125,0.6698923850059509,0.0002720917691476643,0.0002720917691476643,0.0004294041427783668,1.3114913599565625e-09,0.0037579708732664585,0.003593535628169775,0.03900899738073349,0.017986368387937546,0.5566666722297668
105,0.6125,0.6699271059036255,0.00022887172235641629,0.0002288717369083315,0.00036344266845844686,5.620677256956697e-10,0.004403707571327686,0.0042663877829909325,0.008821766823530197,0.0033099374268203974,0.5566666722297668
106,0.6125,0.6699773335456848,0.00017359439516440034,0.00017359436606056988,0.0002772235602606088,3.019522409886122e-10,0.0040710014291107655,0.003967059776186943,0.014685570262372494,0.008038452826440334,0.5566666722297668
107,0.6125,0.6699983549118042,0.00014361288049258292,0.00014361289504449815,0.00023257081920746714,1.241460267920047e-09,0.004773195832967758,0.00468645803630352,0.04213748872280121,0.014076966792345047,0.5566666722297668
108,0.6125,0.669985384941101,0.0002929433831013739,0.0002929433831013739,0.00046191003639250994,3.2741809263825417e-11,0.0031934124417603016,0.0030151261016726494,0.06566979736089706,0.02885160967707634,0.5566666722297668
109,0.6125,0.6697860288619996,0.00013787623902317137,0.00013787623902317137,0.00022454782447312027,1.7444108380004764e-09,0.004879347514361143,0.004797053523361683,0.05353663116693497,0.018756838515400887,0.5566666722297668
110,0.6125,0.6696811175346374,0.0002895293291658163,0.0002895293291658163,0.0004591001779772341,2.068190951831639e-09,0.004374776966869831,0.004197930917143822,0.020091800019145012,0.005221966654062271,0.5566666722297668
111,0.6125,0.6696353554725647,0.00036692176945507526,0.00036692176945507526,0.0005780080682598054,1.8962964531965554e-09,0.0031827553175389767,0.002957206452265382,0.0463743656873703,0.020974433049559593,0.5566666722297668
112,0.6125,0.6695990800857544,0.0005104376468807459,0.0005104376468807459,0.0008013195474632084,6.184563972055912e-10,0.002474213484674692,0.002152619417756796,0.08036450296640396,0.034654662013053894,0.5566666722297668
113,0.6125,0.6695796799659729,0.00022415752755478024,0.00022415752755478024,0.00036265814560465515,7.385096978396177e-10,0.0062157390639185905,0.00607945304363966,0.12379788607358932,0.045603618025779724,0.5566666722297668
114,0.6125,0.6695628809928894,0.0006287292344495654,0.0006287292344495654,0.000984997721388936,5.693436833098531e-10,0.0012590185506269336,0.0008347242837771773,0.13615328073501587,0.05646617338061333,0.5566666722297668
115,0.6125,0.6697067236900329,0.0001629811158636585,0.00016298110131174326,0.00027586493524722755,1.0186340659856796e-09,0.008072713389992714,0.007969974540174007,0.22937221825122833,0.08616243302822113,0.5566666722297668
116,0.6125,0.6695076274871826,0.0006397277466021478,0.0006397277466021478,0.0010020039044320583,1.6189005691558123e-09,0.0007037080358713865,0.0002276954473927617,0.16102977097034454,0.0658707320690155,0.5566666722297668
117,0.6125,0.6693555927276611,0.0004668013716582209,0.00046680140076205134,0.0007394780404865742,5.617039278149605e-09,0.004735009744763374,0.004439993295818567,0.049871064722537994,0.015638403594493866,0.5566666722297668
118,0.6125,0.6693246221542358,0.00029259445727802813,0.00029259445727802813,0.0004705181927420199,2.597516868263483e-09,0.005654198117554188,0.0054685454815626144,0.10548917949199677,0.0375775471329689,0.5566666722297668
119,0.6125,0.6692285442352295,0.0005528369802050292,0.0005528369219973683,0.0008711751434020698,1.44427758641541e-09,0.0027496633119881153,0.0023872670717537403,0.05055118352174759,0.023291943594813347,0.5566666722297668
120,0.6125,0.6692706370353698,0.00041640782728791237,0.0004164077981840819,0.0006679504876956344,2.7321220841258764e-09,0.0066955056972801685,0.0064239706844091415,0.1614140272140503,0.05791054666042328,0.5566666722297668
121,0.6125,0.6691122126579284,0.0005342422518879175,0.0005342422518879175,0.000845263828523457,1.6952981241047382e-09,0.0036239386536180973,0.0032748994417488575,0.006316150538623333,0.004728212021291256,0.5566666722297668
122,0.6125,0.6692004871368408,0.0008870676974765956,0.0008870677556842566,0.0013921671779826283,4.538378561846912e-09,0.0006090776878409088,0.00022641776013188064,0.16186358034610748,0.06689301878213882,0.5566666722297668
123,0.6125,0.6693824076652527,0.0002963145961984992,0.0002963145961984992,0.0004917125916108489,7.203198038041592e-10,0.008604365400969982,0.008397895842790604,0.2622758746147156,0.09624789655208588,0.5566666722297668
124,0.6125,0.6689619588851928,0.000402467034291476,0.00040246706339530647,0.0006488627404905856,4.478351911529899e-09,0.0060856640338897705,0.0058109695091843605,0.13033385574817657,0.04576244577765465,0.5566666722297668
125,0.6125,0.6689099597930909,0.0007346766069531441,0.0007346766069531441,0.0011628489010035992,6.92307366989553e-09,0.0034134516026824713,0.0028995275497436523,0.010572168044745922,0.008507060818374157,0.5566666722297668
126,0.6125,0.6689175844192505,0.0009926245547831059,0.0009926245547831059,0.0015661839861422777,6.402842700481415e-10,0.0022497004829347134,0.001504072337411344,0.06688372790813446,0.031214207410812378,0.5566666722297668
127,0.6125,0.6688401699066162,0.0009437684202566743,0.0009437683038413525,0.001492277137003839,1.7134880181401968e-09,0.0027551045641303062,0.002057100646197796,0.04094014689326286,0.021188296377658844,0.5566666722297668
128,0.6125,0.668727879524231,0.0010316112311556935,0.0010316112311556935,0.0016311994986608624,4.711182555183768e-09,0.002437717281281948,0.0016283097211271524,0.05887812003493309,0.028747670352458954,0.5566666722297668
129,0.6125,0.6686764836311341,0.0007442470523528755,0.0007442470523528755,0.0011885669082403183,3.637978807091713e-10,0.004746104124933481,0.004181209020316601,0.05782653018832207,0.015931040048599243,0.5566666722297668
130,0.6125,0.668545343875885,0.0008561558206565678,0.0008561558206565678,0.0013637051451951265,4.001776687800884e-09,0.003868401050567627,0.003203270025551319,0.015293884091079235,0.0026176725514233112,0.5566666722297668
131,0.6125,0.6685361409187317,0.0006621574866585433,0.0006621574866585433,0.00106932467315346,6.293703336268663e-10,0.006004274822771549,0.0054693520069122314,0.12567955255508423,0.040835876017808914,0.5566666722297668
132,0.6125,0.6685549569129944,0.00147026008926332,0.00147026008926332,0.0023250719532370567,5.675246939063072e-10,0.0010510898428037763,0.0008370204013772309,0.16511154174804688,0.0717000663280487,0.5566666722297668
133,0.6125,0.6682724332809449,0.0009364433935843408,0.0009364434517920017,0.001498546451330185,5.093170329928398e-11,0.003985323011875153,0.0031715724617242813,0.017092755064368248,0.002839029533788562,0.5566666722297668
134,0.6125,0.668177011013031,0.0011551465140655637,0.0011551465140655637,0.0018434473313391209,2.8230715543031693e-09,0.0030737381894141436,0.0020055428612977266,0.034493349492549896,0.02184261567890644,0.5566666722297668
135,0.6125,0.668106381893158,0.0014779171906411648,0.001477917074225843,0.0023510693572461605,3.1359377317130566e-09,0.0016884551150724292,8.342231740243733e-05,0.11314749717712402,0.05257033184170723,0.5566666722297668
136,0.6125,0.6679506635665894,0.0014392146840691566,0.0014392146840691566,0.0022941145580261946,1.6007106751203537e-10,0.0017663732869550586,0.00011838230420835316,0.11039746552705765,0.05190366134047508,0.5566666722297668
137,0.6125,0.6679849481582641,0.0005151312798261642,0.0005151312216185033,0.0008708726381883025,2.5320332497358322e-09,0.007539489306509495,0.006937624886631966,0.1861863136291504,0.06159992888569832,0.5566666722297668
138,0.6125,0.6678307676315307,0.0016651101177558303,0.0016651102341711521,0.0026621236465871334,7.275957614183426e-11,0.0017614510143175721,0.0004779370501637459,0.12869538366794586,0.06064338609576225,0.5566666722297668
139,0.6125,0.6675487637519837,0.0017261949833482504,0.0017261949833482504,0.0027695929165929556,5.820766091346741e-10,0.0022603925317525864,5.949287151452154e-05,0.1048116683959961,0.05263485014438629,0.5566666722297668
140,0.6125,0.6673154592514038,0.0017612450756132603,0.0017612450756132603,0.002838405082002282,2.1391315385699272e-09,0.0029089394956827164,0.0005453763878904283,0.07652104645967484,0.04294225946068764,0.5566666722297668
141,0.6125,0.6671013426780701,0.001610376755706966,0.001610376755706966,0.002617267658933997,1.9354047253727913e-09,0.004259806126356125,0.002009978052228689,0.018730176612734795,0.022158799692988396,0.5566666722297668
142,0.6125,0.6669028878211976,0.0014250610256567597,0.001425060909241438,0.002335225697606802,1.3096723705530167e-09,0.004836182110011578,0.0027168807573616505,0.010606326162815094,0.01217069011181593,0.5566666722297668
143,0.6125,0.6666763281822204,0.0016038393368944526,0.0016038393368944526,0.002631082432344556,4.190951585769653e-09,0.004538314417004585,0.0019352013478055596,0.01843058131635189,0.023308593779802322,0.5566666722297668
144,0.6125,0.6663758468627929,0.0011629912769421935,0.0011629912769421935,0.001951990881934762,6.693881005048752e-10,0.00633688410744071,0.004139739088714123,0.05794699862599373,0.005939747206866741,0.5566666722297668
145,0.6125,0.6660802054405213,0.0005349838174879551,0.0005349839339032769,0.0009995868895202875,2.1318555809557438e-09,0.009494219906628132,0.007915949448943138,0.17996488511562347,0.05269702896475792,0.5566666722297668
146,0.6125,0.6657146048545838,0.0017752621788531542,0.001775262295268476,0.0029830466955900192,1.2223608791828156e-09,0.006811846513301134,0.002815553452819586,0.023896176367998123,0.013211183249950409,0.5566666722297668
147,0.6125,0.6653533601760864,0.0013537327758967876,0.0013537328923121095,0.0023295232094824314,1.622538547962904e-09,0.007737257517874241,0.004105082247406244,0.05668320879340172,0.0029072230681777,0.5566666722297668
148,0.6125,0.6650246334075928,0.0013209546450525522,0.0013209546450525522,0.00232297251932323,2.5174813345074654e-09,0.0092519735917449,0.004854673054069281,0.07941163331270218,0.007445858791470528,0.5566666722297668
149,0.6125,0.6647868275642395,0.0025789476931095123,0.002578947925940156,0.004376199562102556,6.111804395914078e-10,0.0067167761735618114,0.0017481455579400063,0.07816332578659058,0.05720588192343712,0.5566666722297668
150,0.6125,0.664431459903717,0.0004320376319810748,0.0004320376901887357,0.0009691267041489482,4.001776687800884e-09,0.011340325698256493,0.007835488766431808,0.14141441881656647,0.03263114392757416,0.5566666722297668
151,0.6125,0.6638852643966675,0.0008888690499588847,0.0008888690499588847,0.001721554552204907,4.511093720793724e-10,0.010502900928258896,0.004986673593521118,0.07827433198690414,0.004714883863925934,0.5566666722297668
152,0.6125,0.6634389662742615,0.0019844225607812405,0.0019844225607812405,0.003553922288119793,3.1723175197839737e-09,0.008358387276530266,0.0009139430476352572,0.04655810445547104,0.047553256154060364,0.5566666722297668
153,0.6125,0.6629691767692566,0.0009076307178474963,0.0009076308342628181,0.001807099673897028,7.8580342233181e-10,0.009950471110641956,0.0029482811223715544,0.03347952663898468,0.016088584437966347,0.5566666722297668
154,0.6125,0.662477993965149,0.0007122920360416174,0.0007122921524569392,0.0015180044574663043,3.914465196430683e-09,0.010195307433605194,0.0032251528464257717,0.03836359456181526,0.014313962310552597,0.5566666722297668
155,0.6125,0.6619863581657409,0.0004940499784424901,0.0004940499784424901,0.0012104753404855728,2.0954757928848267e-09,0.01133773848414421,0.003687032265588641,0.050719648599624634,0.01229027658700943,0.5566666722297668
156,0.6125,0.6616052961349488,0.0009608567925170064,0.00096085702534765,0.0014264528872445226,4.103640094399452e-09,0.014615431427955627,0.01141483522951603,0.18826255202293396,0.048680443316698074,0.5566666722297668
157,0.6125,0.6609918141365051,0.0006506898789666593,0.0006506898789666593,0.0015430254861712456,2.735760062932968e-09,0.010955719277262688,0.000933739822357893,0.00803094357252121,0.032922763377428055,0.5566666722297668
158,0.6125,0.6605519533157349,0.001593798166140914,0.0015937982825562358,0.003287584986537695,1.4551915228366852e-11,0.010635433718562126,0.005565162748098373,0.10205738991498947,0.07617359608411789,0.5566666722297668
159,0.6125,0.6598958492279052,0.00039477599784731865,0.00039477593963965774,0.0011963919969275594,2.3865140974521637e-09,0.011795572005212307,0.0015164765063673258,0.01738957315683365,0.026870576664805412,0.5566666722297668
160,0.6125,0.659360191822052,0.0015307612484320998,0.0015307613648474216,0.003402268746867776,5.558831617236137e-09,0.012525374069809914,0.0074190376326441765,0.11298644542694092,0.08506806194782257,0.5566666722297668
161,0.6125,0.6586881303787231,0.00040836079278960824,0.00040836085099726915,0.0013899592449888587,1.57160684466362e-09,0.013392197899520397,0.00041890586726367474,0.012643441557884216,0.03376109525561333,0.5566666722297668
162,0.6125,0.6581650137901306,0.0008834630716592073,0.0008834630716592073,0.0013295405078679323,2.35741026699543e-09,0.014789282344281673,0.008846689015626907,0.12391964346170425,0.019688937813043594,0.5566666722297668
163,0.6125,0.6574457550048828,0.0005356043111532927,0.0005356044275686145,0.0006216815090738237,2.6047928258776665e-09,0.015506269410252571,0.007129183039069176,0.10687558352947235,0.009402189403772354,0.5566666722297668
164,0.6125,0.6566993141174317,0.00028959865448996425,0.00028959871269762516,0.00042323750676587224,1.7025740817189217e-09,0.016016772016882896,0.0038875036407262087,0.06726329028606415,0.01276049017906189,0.5566666722297668
165,0.6125,0.6559914135932923,0.0018215267919003963,0.0018215267919003963,0.0033854541834443808,5.820766091346741e-11,0.020469659939408302,0.0172367375344038,0.2306266874074936,0.06311391294002533,0.5566666722297668
166,0.6125,0.6550840377807617,0.000929836358409375,0.0009298365330323577,0.001360815716907382,3.8708094507455826e-09,0.018161099404096603,0.0093153677880764,0.1316169798374176,0.018105166032910347,0.5566666722297668
167,0.6125,0.6545097017288208,0.0006201589130796492,0.000620159087702632,0.002476437482982874,1.4551915228366852e-11,0.015454202890396118,0.005913143046200275,0.047454193234443665,0.05848827585577965,0.5566666722297668
168,0.6125,0.653780460357666,0.0020600527059286833,0.002060052938759327,0.004264513961970806,3.3760443329811096e-09,0.023327169939875603,0.019875608384609222,0.23964263498783112,0.06633691489696503,0.5566666722297668
169,0.6125,0.652765200138092,0.0004780478193424642,0.00047804793575778604,0.00048533795052208006,4.0745362639427185e-10,0.018817948177456856,0.0045630428940057755,0.08005669713020325,0.007516124751418829,0.5566666722297668
170,0.6125,0.652032516002655,0.001328066922724247,0.0013280670391395688,0.005562530364841223,6.402842700481415e-10,0.021769870072603226,0.016154969111084938,0.11505133658647537,0.09736105054616928,0.5566666722297668
171,0.6125,0.650925076007843,0.0014767188113182783,0.0014767188113182783,0.0067240274511277676,1.2223608791828156e-09,0.02263854444026947,0.019075632095336914,0.1371966302394867,0.10701508074998856,0.5566666722297668
172,0.6125,0.6496364259719849,0.00032018672209233046,0.00032018672209233046,0.003415982937440276,8.731149137020111e-10,0.019506707787513733,0.008047875016927719,0.03621043264865875,0.06049301475286484,0.5566666722297668
173,0.6125,0.6483297705650329,0.0013563643442466855,0.0013563643442466855,0.00864364393055439,7.8580342233181e-10,0.02511575073003769,0.027429893612861633,0.21381014585494995,0.14086215198040009,0.5566666722297668
174,0.6125,0.6472626948356628,0.0004037313046865165,0.0004037313046865165,0.001272918307222426,3.026798367500305e-09,0.018828922882676125,0.001059013302437961,0.02996164560317993,0.032599203288555145,0.5566666722297668
175,0.6125,0.6462344288825989,0.0001222925930051133,0.000122292636660859,0.0037096384912729263,7.566995918750763e-10,0.018890729174017906,0.010786844417452812,0.06307677924633026,0.07327547669410706,0.5566666722297668
176,0.6125,0.6452653217315674,0.000517951906658709,0.000517951906658709,0.0013961716322228312,1.6007106751203537e-09,0.01856132410466671,0.002578340470790863,0.017446381971240044,0.039423130452632904,0.5566666722297668
177,0.6125,0.6441954636573791,0.0008709417888894677,0.0008709417888894677,0.00452854298055172,4.0745362639427185e-10,0.022675609216094017,0.015472115948796272,0.1713879257440567,0.03243540599942207,0.5566666722297668
178,0.6125,0.6428031182289123,0.0006407247274182737,0.0006407247274182737,0.003468973096460104,3.0850060284137726e-09,0.02118680812418461,0.008784303441643715,0.025233786553144455,0.06113841384649277,0.5566666722297668
179,0.6125,0.64086434841156,0.0008372729644179344,0.0008372729062102735,0.001189173199236393,1.4551915228366852e-10,0.022988490760326385,0.005035207141190767,0.09424340724945068,0.010051303543150425,0.5566666722297668
180,0.6125,0.639456970691681,0.0008323014480993152,0.0008323015063069761,0.008404931984841824,4.190951585769653e-09,0.027139050886034966,0.022866910323500633,0.10936327278614044,0.10421490669250488,0.5566666722297668
181,0.6125,0.6373980641365051,0.0010827459627762437,0.0010827459627762437,0.00664496561512351,1.2005330063402653e-09,0.027722783386707306,0.016799015924334526,0.04908336326479912,0.0807647779583931,0.5566666722297668
182,0.6125,0.6356795597076416,0.0013290172209963202,0.0013290172209963202,0.01049238070845604,2.9103830456733704e-10,0.028752204030752182,0.02559514157474041,0.1112465038895607,0.10482021421194077,0.5566666722297668
183,0.6125,0.6336505818367004,0.0017375624738633633,0.001737562590278685,0.010118984617292881,5.9371814131736755e-09,0.03086898662149906,0.024781623855233192,0.08987834304571152,0.10136505961418152,0.5566666722297668
184,0.6125,0.6316078495979309,0.0019602670799940825,0.0019602670799940825,0.008764918893575668,1.57160684466362e-09,0.028737524524331093,0.019267110154032707,0.05259661003947258,0.08230084180831909,0.5566666722297668
185,0.615,0.6295173215866089,0.001954321749508381,0.001954321749508381,0.005903875920921564,4.3655745685100555e-09,0.029214762151241302,0.011881904676556587,0.01176973432302475,0.06027710437774658,0.5566666722297668
186,0.615,0.627455780506134,0.0008641303866170347,0.0008641305612400174,0.001479155384004116,4.423782229423523e-09,0.027890989556908607,0.00020973937353119254,0.07462141662836075,0.026595521718263626,0.5566666722297668
187,0.615,0.6252136898040771,0.003044167999178171,0.003044168232008815,0.0097083430737257,1.1641532182693481e-10,0.03402126953005791,0.019991997629404068,0.026876116171479225,0.08232201635837555,0.5566666722297668
188,0.615,0.6228362226486206,0.003121567890048027,0.003121567890048027,0.0102895712479949,5.122274160385132e-09,0.03271407634019852,0.023042885586619377,0.0502377450466156,0.08889143168926239,0.5583333373069763
189,0.62,0.6201969170570374,0.0024455722887068987,0.0024455722887068987,0.016617638990283012,1.1641532182693481e-08,0.03373904898762703,0.02130075916647911,0.18453918397426605,0.02630857564508915,0.5583333373069763
190,0.62,0.6173788237571717,0.001902271993458271,0.001902271993458271,0.0033926712349057198,7.683411240577698e-09,0.03450464829802513,0.010730461217463017,0.03987991809844971,0.055639155209064484,0.5683333277702332
191,0.645,0.6142941236495971,0.0003782544517889619,0.0003782545682042837,0.003991881851106882,1.0477378964424133e-08,0.031537704169750214,0.0014600660651922226,0.07375672459602356,0.03217292204499245,0.5683333277702332
192,0.645,0.6111340570449829,0.002138666808605194,0.0021386665757745504,0.004869650583714247,1.7578713595867157e-08,0.03567453473806381,0.01103278249502182,0.04579676687717438,0.0518951453268528,0.5950000286102295
193,0.68,0.6079050421714782,0.0015125471400097013,0.0015125470235943794,0.014441550709307194,0.0,0.031243842095136642,0.012599977664649487,0.12565283477306366,0.00732634449377656,0.5950000286102295
194,0.68,0.6044849014282226,0.0022957022301852703,0.002295702463015914,0.006536975037306547,3.026798367500305e-09,0.0367666594684124,0.014872215688228607,0.03364302217960358,0.058242067694664,0.5950000286102295
195,0.68,0.6008647084236145,0.0036624532658606768,0.0036624534986913204,0.014202933758497238,1.3969838619232178e-08,0.04201677069067955,0.021150104701519012,0.0280743557959795,0.0683254823088646,0.5950000286102295
196,0.68,0.5970564603805542,0.002209340687841177,0.0022093397565186024,0.005985299125313759,1.885928213596344e-08,0.040900181978940964,0.019071675837039948,0.030778076499700546,0.06795716285705566,0.5950000286102295
197,0.68,0.5929954814910888,0.004659079480916262,0.004659079015254974,0.019073355942964554,2.3283064365386963e-09,0.046927955001592636,0.028614576905965805,0.017824046313762665,0.0836913138628006,0.5950000286102295
198,0.68,0.5890391445159913,0.0013321882579475641,0.0013321882579475641,0.01296910084784031,8.381903171539307e-09,0.03899994492530823,0.0030162225011736155,0.08483748137950897,0.039854176342487335,0.5950000286102295
199,0.68,0.5848114109039306,0.001649451907724142,0.0016494516748934984,0.01520488690584898,5.122274160385132e-09,0.04061303660273552,0.001823915634304285,0.09312719106674194,0.039771463721990585,0.6866666674613953
200,0.745,0.5801269888877869,0.0026286067441105843,0.0026286067441105843,0.023041928187012672,9.313225746154785e-10,0.042074866592884064,0.0071463994681835175,0.12550193071365356,0.02364395000040531,0.6866666674613953
201,0.745,0.5753106760978699,0.0013502473011612892,0.0013502473011612892,0.0016504934756085277,5.122274160385132e-09,0.04593607783317566,0.012021416798233986,0.0804808959364891,0.05163436383008957,0.6866666674613953
202,0.745,0.5708169364929199,0.007172751240432262,0.007172752171754837,0.06484292447566986,3.259629011154175e-08,0.05097668990492821,0.04288645088672638,0.2231883555650711,0.04116204380989075,0.6866666674613953
203,0.79,0.565746762752533,0.004060464911162853,0.004060464911162853,0.027568556368350983,2.1420419216156006e-08,0.048060182482004166,0.031348757445812225,0.025233512744307518,0.07753438502550125,0.8266666531562805
204,0.8475,0.5604527640342712,0.004738595336675644,0.0047385962679982185,0.033735331147909164,1.210719347000122e-08,0.05341342091560364,0.03741656243801117,0.023975759744644165,0.08801233023405075,0.8266666531562805
205,0.815,0.5549971866607666,0.0035811038687825203,0.003581103403121233,0.03677285462617874,9.313225746154785e-09,0.045525722205638885,0.013548535294830799,0.14087292551994324,0.017956938594579697,0.6866666674613953
206,0.745,0.5493329238891601,0.006146582774817944,0.006146582774817944,0.05469629913568497,4.656612873077393e-10,0.048184096813201904,0.022863194346427917,0.16167867183685303,0.014812607318162918,0.6866666674613953
207,0.775,0.543575291633606,0.004084316547960043,0.004084316082298756,0.02631640061736107,1.7695128917694092e-08,0.05467165261507034,0.028850369155406952,0.06010739877820015,0.07585784047842026,0.8266666531562805
208,0.8475,0.5374077630043029,0.0019236793741583824,0.0019236791413277388,0.008517254143953323,2.2351741790771484e-08,0.0535622239112854,0.018492406234145164,0.0861467570066452,0.06297872215509415,0.8266666531562805
209,0.8475,0.5314587545394898,0.002935189986601472,0.0029351902194321156,0.019958805292844772,3.119930624961853e-08,0.05129251256585121,0.024204477667808533,0.06472824513912201,0.06795482337474823,0.8266666531562805
210,0.8475,0.5251829075813294,0.002142653102055192,0.0021426535677164793,0.02956450544297695,1.4901161193847656e-08,0.05110013857483864,0.004859746899455786,0.13026466965675354,0.03470921888947487,0.8266666531562805
211,0.8475,0.5192479372024537,0.011719669215381145,0.011719667352735996,0.11904986202716827,5.122274160385132e-09,0.06090067699551582,0.05533083528280258,0.21222993731498718,0.03401506319642067,0.8266666531562805
212,0.8475,0.5125029969215393,0.003754245350137353,0.0037542444188147783,0.03222161903977394,2.0489096641540527e-08,0.05721371993422508,0.031904369592666626,0.0647154152393341,0.07718205451965332,0.8266666531562805
213,0.8475,0.5060999536514282,0.004837299697101116,0.004837299697101116,0.0477643720805645,4.842877388000488e-08,0.059563230723142624,0.03572181612253189,0.06552682816982269,0.07553162425756454,0.8266666531562805
214,0.8475,0.49951679944992067,0.003517377655953169,0.003517376957461238,0.047326553612947464,1.6763806343078613e-08,0.050023600459098816,0.01055813767015934,0.12789981067180634,0.034511759877204895,0.8266666531562805
215,0.8475,0.4926087558269501,0.00342351570725441,0.0034235145431011915,0.03007989190518856,1.30385160446167e-08,0.05410332232713699,0.029740657657384872,0.06280287355184555,0.07811092585325241,0.8266666531562805
216,0.8475,0.4858449947834015,0.001925410469993949,0.00192541116848588,0.013369969092309475,7.450580596923828e-09,0.054092373698949814,0.018343700096011162,0.08966360986232758,0.062357399612665176,0.8266666531562805
217,0.8475,0.47912191033363344,0.005575176328420639,0.005575176794081926,0.07183016836643219,9.313225746154785e-09,0.05267902463674545,0.02323088049888611,0.1448633223772049,0.026036802679300308,0.8266666531562805
218,0.8475,0.47254725933074954,0.006657151505351067,0.006657151505351067,0.08019444346427917,7.450580596923828e-09,0.06141124665737152,0.046838127076625824,0.04961773753166199,0.08838684856891632,0.8266666531562805
219,0.8975,0.4656593108177185,0.00949331745505333,0.00949331745505333,0.12362459301948547,3.725290298461914e-09,0.07019279897212982,0.06266900897026062,0.03908035531640053,0.09576191008090973,0.8266666531562805
220,0.8475,0.45852854251861574,0.0009412281215190887,0.0009412281215190887,0.0036238848697394133,3.725290298461914e-09,0.05309990793466568,0.010594555176794529,0.10147642344236374,0.055965911597013474,0.8266666531562805
221,0.8475,0.4539080858230591,0.027933582663536072,0.02793358452618122,0.31992244720458984,1.1175870895385742e-08,0.09670846909284592,0.12424041330814362,0.24006788432598114,0.06801698356866837,0.8266666531562805
222,0.885,0.44761490225791933,0.01757475733757019,0.01757475733757019,0.25092020630836487,2.0489096641540527e-08,0.09761900454759598,0.11303319036960602,0.025833647698163986,0.13873018324375153,1.0
223,1.0,0.4391802954673767,0.004425447899848223,0.004425447899848223,0.05850701406598091,3.91155481338501e-08,0.056556958705186844,0.032045163214206696,0.07466202974319458,0.06980964541435242,1.0
224,1.0,0.4327877461910248,0.00810595229268074,0.00810595229268074,0.12202046066522598,1.210719347000122e-08,0.057084839791059494,0.04247162863612175,0.15197308361530304,0.024980613961815834,1.0
225,0.9425,0.42568413972854613,0.005781375803053379,0.005781376734375954,0.08674074709415436,1.4901161193847656e-08,0.05337944254279137,0.026778019964694977,0.13535210490226746,0.035339176654815674,1.0
226,1.0,0.4194516229629517,0.00824698992073536,0.008246988989412785,0.11023516207933426,2.421438694000244e-08,0.06509266793727875,0.05227421224117279,0.058626435697078705,0.08382939547300339,1.0
227,1.0,0.41285523056983947,0.0005304403603076935,0.0005304394289851189,0.016200903803110123,4.470348358154297e-08,0.05061578005552292,0.0006075340206734836,0.10633406043052673,0.04887688159942627,1.0
228,1.0,0.4069082808494568,0.011918891221284866,0.011918893083930016,0.16902734339237213,2.7939677238464355e-09,0.07477167248725891,0.07465241104364395,0.03781963884830475,0.10262893885374069,1.0
229,1.0,0.40045943260192873,0.00186240766197443,0.0018624071963131428,0.01884610205888748,3.725290298461914e-09,0.04926000162959099,0.015205780044198036,0.08360081166028976,0.05825432389974594,1.0
230,1.0,0.39463027596473693,0.007507176138460636,0.007507175672799349,0.1125577837228775,3.166496753692627e-08,0.05448466166853905,0.0359051413834095,0.13471344113349915,0.031025508418679237,1.0
231,1.0,0.3889739644527435,0.010487359017133713,0.010487357154488564,0.15589015185832977,2.60770320892334e-08,0.06883691996335983,0.0652887150645256,0.046423763036727905,0.09628071635961533,1.0
232,1.0,0.38273306250572203,0.007055279333144426,0.007055279798805714,0.11720514297485352,1.0244548320770264e-08,0.05416881665587425,0.036493442952632904,0.1314135044813156,0.029027171432971954,1.0
233,1.0,0.3767673647403717,0.0034043407067656517,0.0034043400082737207,0.046236518770456314,2.3283064365386963e-09,0.05074748769402504,0.021899482235312462,0.08157996088266373,0.06506311148405075,1.0
234,1.0,0.3712394726276398,0.005921226926147938,0.005921225994825363,0.10004456341266632,2.2351741790771484e-08,0.04909135773777962,0.03038879670202732,0.11689766496419907,0.03839411959052086,1.0
235,1.0,0.36551508188247683,0.002422240562736988,0.0024222410283982754,0.031230201944708824,1.30385160446167e-08,0.04786604642868042,0.015490714460611343,0.08373802155256271,0.061475638300180435,1.0
236,1.0,0.36007930874824523,0.0010586013086140156,0.0010586008429527283,0.02479618974030018,1.4901161193847656e-08,0.04489719867706299,0.0039058192633092403,0.09494676440954208,0.0468231663107872,1.0
237,1.0,0.3547418129444122,0.004061569459736347,0.004061570391058922,0.07344169914722443,1.30385160446167e-08,0.04670950770378113,0.017860164865851402,0.10385378450155258,0.03863430768251419,1.0
238,1.0,0.34946115255355836,0.0015822714194655418,0.0015822722343727946,0.033778637647628784,7.450580596923828e-09,0.04272955283522606,0.006494349800050259,0.09194225072860718,0.053692564368247986,1.0
239,1.0,0.3445050597190857,0.0076667796820402145,0.0076667796820402145,0.13616417348384857,3.725290298461914e-08,0.051437683403491974,0.040327392518520355,0.11800675839185715,0.033249929547309875,1.0
240,1.0,0.3399026882648468,0.013870242983102798,0.013870242983102798,0.2488989382982254,7.450580596923828e-09,0.07327445596456528,0.08458057790994644,0.025236863642930984,0.09972569346427917,1.0
241,1.0,0.3346025323867798,0.005457983817905188,0.005457983817905188,0.09657467156648636,1.862645149230957e-08,0.044616956263780594,0.025726739317178726,0.10094011574983597,0.045173414051532745,1.0
242,1.0,0.33012000560760496,0.007581532467156649,0.007581532001495361,0.12131454795598984,9.313225746154785e-09,0.053227368742227554,0.04322344809770584,0.057195503264665604,0.07490381598472595,1.0
243,1.0,0.32504609584808347,0.002089178189635277,0.002089178189635277,0.029414866119623184,5.587935447692871e-09,0.04245892912149429,0.014622500166296959,0.07223857939243317,0.059743303805589676,1.0
244,1.0,0.3205103921890259,0.008300604298710823,0.008300602436065674,0.14302824437618256,1.5832483768463135e-08,0.056054387241601944,0.04881047457456589,0.0554133765399456,0.06990449130535126,1.0
245,1.0,0.3159422934055328,0.005240504629909992,0.005240502301603556,0.09694050252437592,7.450580596923828e-09,0.04314565658569336,0.02636134624481201,0.09701342135667801,0.04362863302230835,1.0
246,1.0,0.31152127265930174,0.008506965823471546,0.008506964892148972,0.15494373440742493,9.313225746154785e-09,0.04879184439778328,0.04283662140369415,0.10614532232284546,0.03854503110051155,1.0
247,1.0,0.3072220468521118,0.002173462649807334,0.0021734631154686213,0.03489258512854576,4.889443516731262e-08,0.03959738835692406,0.012097887694835663,0.07208318263292313,0.05451478436589241,1.0
248,1.0,0.3032364094257355,0.007770894095301628,0.007770894095301628,0.14391466975212097,2.0489096641540527e-08,0.0513463020324707,0.0468645915389061,0.04906193166971207,0.07322587072849274,1.0
249,1.0,0.298785434961319,0.0007783835753798485,0.0007783849723637104,0.019994771108031273,1.862645149230957e-09,0.04103519394993782,0.0015720889205113053,0.08285877853631973,0.04590073600411415,1.0
250,1.0,0.29525806903839114,0.004894245881587267,0.00489424541592598,0.09086967259645462,3.725290298461914e-08,0.038819972425699234,0.02373054251074791,0.08600914478302002,0.043394703418016434,1.0
251,1.0,0.29087791323661805,0.0013880301266908646,0.0013880301266908646,0.02046169526875019,5.960464477539063e-08,0.03823642060160637,0.009013863280415535,0.0702023133635521,0.04684198647737503,1.0
252,1.0,0.28743006229400636,0.010205009020864964,0.010205009020864964,0.2006513625383377,3.91155481338501e-08,0.05803962051868439,0.0603954941034317,0.04414195939898491,0.07477562129497528,1.0
253,1.0,0.2833854401111603,0.005584353115409613,0.0055843535810709,0.10554724186658859,1.1175870895385742e-08,0.04044250026345253,0.026625581085681915,0.08779904246330261,0.039193011820316315,1.0
254,1.0,0.27994983434677123,0.008049056865274906,0.00804905779659748,0.14971983432769775,5.774199962615967e-08,0.04668809473514557,0.03745094686746597,0.09689492732286453,0.031741272658109665,1.0
255,1.0,0.2759491240978241,0.0031304184813052416,0.003130418248474598,0.05657555162906647,1.4901161193847656e-08,0.041258662939071655,0.02000044472515583,0.06497513502836227,0.05275538191199303,1.0
256,1.0,0.2730855941772461,0.004957642871886492,0.004957643337547779,0.102980837225914,1.0058283805847168e-07,0.037886910140514374,0.026687385514378548,0.0837135761976242,0.04334773123264313,1.0
257,1.0,0.2692523682117462,0.01132199913263321,0.011321998201310635,0.21555159986019135,5.587935447692871e-09,0.05194474756717682,0.05577757582068443,0.09891966730356216,0.0339580662548542,1.0
258,1.0,0.2655078554153442,0.0015172658022493124,0.001517266035079956,0.023807501420378685,6.51925802230835e-08,0.03832760825753212,0.01056467741727829,0.06801863014698029,0.04746953025460243,1.0
259,1.0,0.26236856341361997,0.009024511091411114,0.009024512022733688,0.17691107094287872,3.725290298461914e-08,0.05294918641448021,0.051241111010313034,0.049008578062057495,0.06075914576649666,1.0
260,1.0,0.2589765477180481,0.0035195183008909225,0.003519516671076417,0.07076354324817657,6.705522537231445e-08,0.03663022443652153,0.015373831614851952,0.07670151442289352,0.035844579339027405,1.0
261,1.0,0.2559542667865753,0.007553452625870705,0.00755345169454813,0.14634934067726135,1.6763806343078613e-08,0.042681436985731125,0.03525815159082413,0.08671526610851288,0.03413837403059006,1.0
262,1.0,0.2525664150714874,0.00073985755443573,0.0007398576708510518,0.02073349617421627,3.725290298461914e-09,0.0341024212539196,0.003080137073993683,0.07018435746431351,0.041470762342214584,1.0
263,1.0,0.2517429721355438,0.032415054738521576,0.032415054738521576,0.7341375350952148,2.2351741790771484e-08,0.1446419507265091,0.19796285033226013,0.02969517931342125,0.12733669579029083,1.0
264,1.0,0.24674014806747435,0.008536357432603836,0.008536357432603836,0.15411533415317535,7.450580596923828e-09,0.03976896405220032,0.03678354248404503,0.07853996008634567,0.03771689161658287,1.0
265,1.0,0.24701436638832092,0.0023612978402525187,0.002361298305913806,0.04606429859995842,3.725290298461914e-09,0.031978920102119446,0.00886146817356348,0.06863605976104736,0.047171201556921005,1.0
266,1.0,0.24085327982902527,0.003685212694108486,0.0036852131597697735,0.07004933059215546,5.21540641784668e-08,0.035040415823459625,0.020052311941981316,0.05580407753586769,0.050206415355205536,1.0
267,1.0,0.23914460182189942,0.011242898181080818,0.011242899112403393,0.23775921761989594,1.4901161193847656e-08,0.05780955031514168,0.06481720507144928,0.037905238568782806,0.06196756660938263,1.0
268,1.0,0.23553095877170563,0.005698219407349825,0.005698216613382101,0.1117059737443924,0.0,0.03516550734639168,0.02650504931807518,0.07310933619737625,0.036066461354494095,1.0
269,1.0,0.23345179617404938,0.01926087960600853,0.01926087774336338,0.3448134958744049,2.0489096641540527e-08,0.06668224930763245,0.08595190197229385,0.0968124195933342,0.03243318200111389,1.0
270,1.0,0.23070840716361998,0.015501569025218487,0.015501568093895912,0.31304603815078735,1.862645149230957e-09,0.06929493695497513,0.0837530642747879,0.03080630488693714,0.06466099619865417,1.0
271,1.0,0.22797184884548188,0.0007693096995353699,0.0007693087682127953,0.02031036466360092,9.313225746154785e-10,0.029121534898877144,0.002790312049910426,0.06007011979818344,0.04204373061656952,1.0
272,1.0,0.2247106373310089,0.00021475576795637608,0.0002147546038031578,0.0006119669415056705,5.587935447692871e-08,0.028866151347756386,0.0022314521484076977,0.05842814967036247,0.04624270275235176,1.0
273,1.0,0.2228220134973526,0.01397816650569439,0.01397816650569439,0.2604523003101349,8.195638656616211e-08,0.05862666293978691,0.07001139223575592,0.02955503948032856,0.06470686942338943,1.0
274,1.0,0.21992497503757477,0.004470970947295427,0.00447097048163414,0.0867915004491806,6.332993507385254e-08,0.031207147985696793,0.02066875994205475,0.06735468655824661,0.037553224712610245,1.0
275,1.0,0.2176454085111618,0.009048804640769958,0.009048805572092533,0.17028090357780457,2.60770320892334e-08,0.045266419649124146,0.04599596560001373,0.04148050770163536,0.052312470972537994,1.0
276,1.0,0.21506030082702637,0.006387853994965553,0.006387854460626841,0.11894795298576355,9.778887033462524e-08,0.0367419570684433,0.03191845491528511,0.04506890848278999,0.04859498143196106,1.0
277,1.0,0.2127088850736618,0.0010292227379977703,0.001029222272336483,0.023559167981147766,2.9802322387695312e-08,0.027356596663594246,0.004211459308862686,0.059064511209726334,0.04109399393200874,1.0
278,1.0,0.21050914943218232,0.006229904945939779,0.006229905411601067,0.12043691426515579,4.470348358154297e-08,0.034969788044691086,0.02819828689098358,0.07109804451465607,0.030462734401226044,1.0
279,1.0,0.20821459472179413,0.013482505455613136,0.013482505455613136,0.26113760471343994,1.862645149230957e-08,0.052481479942798615,0.06422536075115204,0.08261153101921082,0.028202835470438004,1.0
280,1.0,0.20624278903007506,0.0029778247699141502,0.002977825701236725,0.06512773036956787,7.450580596923828e-08,0.032578617334365845,0.013243588618934155,0.06608617305755615,0.02907607890665531,1.0
281,1.0,0.20416170060634614,0.00988924689590931,0.009889245964586735,0.19344671070575714,7.450580596923828e-09,0.04663800075650215,0.05024229362607002,0.03853930905461311,0.04903797060251236,1.0
282,1.0,0.20281319200992584,0.027815084904432297,0.027815084904432297,0.4977185130119324,2.60770320892334e-08,0.08824321627616882,0.11909118294715881,0.10182776302099228,0.03528817370533943,1.0
283,1.0,0.20054420471191406,0.017181705683469772,0.01718170754611492,0.33508339524269104,5.587935447692871e-08,0.06888416409492493,0.08550507575273514,0.028224533423781395,0.06000177562236786,1.0
284,1.0,0.19770175099372864,0.011236034333705902,0.011236034333705902,0.21845591068267822,3.725290298461914e-09,0.048744142055511475,0.05600501969456673,0.03344238921999931,0.05316176265478134,1.0
285,1.0,0.19750520527362825,0.04010285437107086,0.04010285437107086,0.7046037316322327,5.960464477539063e-08,0.12108900398015976,0.16889142990112305,0.11236314475536346,0.04943223297595978,1.0
286,1.0,0.19372443974018097,0.00625196285545826,0.006251963786780834,0.11758466064929962,8.940696716308594e-08,0.03805864602327347,0.031587690114974976,0.046472545713186264,0.03989407420158386,1.0
287,1.0,0.19292527318000793,0.026931844651699066,0.026931844651699066,0.5637543201446533,0.0,0.10475806891918182,0.14099109172821045,0.005452159326523542,0.07835684716701508,1.0
288,1.0,0.1894653058052063,0.0009791748598217964,0.0009791748598217964,0.013944294303655624,3.91155481338501e-08,0.02587543986737728,0.005630536004900932,0.04944105073809624,0.036394815891981125,1.0
289,1.0,0.18948894262313842,0.010121800005435944,0.010121800005435944,0.17477299273014069,8.195638656616211e-08,0.04121117293834686,0.044349752366542816,0.03644605353474617,0.046376317739486694,1.0
290,1.0,0.186499405503273,0.012290687300264835,0.01229068636894226,0.2246198058128357,7.450580596923828e-09,0.04369426518678665,0.052254293113946915,0.06865297257900238,0.026010841131210327,1.0
291,1.0,0.1838665246963501,0.012846523895859718,0.012846523895859718,0.25309455394744873,7.450580596923828e-08,0.049674142152071,0.05835317075252533,0.07576875388622284,0.021313561126589775,1.0
292,1.0,0.18506582498550414,0.04046841338276863,0.04046841338276863,0.8718720078468323,1.2386590242385864e-07,0.15503868460655212,0.21401353180408478,0.01724914461374283,0.09948086738586426,1.0
293,1.0,0.18077722430229187,0.005967283621430397,0.005967284087091684,0.11024919152259827,1.862645149230957e-08,0.030029550194740295,0.024226952344179153,0.05854678153991699,0.027013298124074936,1.0
294,1.0,0.1814456033706665,0.02423800341784954,0.02423800341784954,0.40349632501602173,2.9802322387695312e-08,0.06961185485124588,0.09367486834526062,0.07925184816122055,0.028880683705210686,1.0
295,1.0,0.17892721235752107,0.017569394782185555,0.017569392919540405,0.32755234837532043,8.195638656616211e-08,0.06410200148820877,0.08150890469551086,0.023239318281412125,0.05261136218905449,1.0
296,1.0,0.1763838529586792,0.014336165972054005,0.01433616690337658,0.28108564019203186,1.6763806343078613e-08,0.05644747614860535,0.07006104290485382,0.026426516473293304,0.049051012843847275,1.0
297,1.0,0.1738560402393341,0.01891517825424671,0.01891518011689186,0.35000765323638916,4.0978193283081055e-08,0.06611285358667374,0.08608146756887436,0.020716091617941856,0.055355340242385864,1.0
298,1.0,0.1733623194694519,0.024914203211665154,0.024914199486374855,0.4159453213214874,4.0978193283081055e-08,0.07196196913719177,0.09781091660261154,0.07932974398136139,0.029350148513913155,1.0
299,1.0,0.1716175866127014,0.011163548566401005,0.01116354763507843,0.19738204777240753,1.6763806343078613e-08,0.03966078907251358,0.04466841742396355,0.06301099807024002,0.022242873907089233,1.0
