,acc,loss,eval_acc
0,0.5926018495376156,0.7752642392575875,0.6566566824913025
1,0.6678330417395651,0.6050526471741049,0.673673689365387
2,0.7020744813796551,0.5757390372799623,0.684684693813324
3,0.7145713571607099,0.5619490410321595,0.706706702709198
4,0.7183204198950263,0.5563064043118459,0.7167167067527771
5,0.720319920019995,0.5548180291814168,0.7167167067527771
6,0.7180704823794052,0.5521942257166088,0.7167167067527771
7,0.7148212946763309,0.5559061908537195,0.7167167067527771
8,0.7195701074731318,0.5550032237251828,0.6806806921958923
9,0.7105723569107723,0.5557131533234216,0.7167167067527771
10,0.7175706073481629,0.556896965687229,0.7167167067527771
11,0.7205698575356161,0.554983154963446,0.7167167067527771
12,0.7195701074731318,0.5529724206813601,0.7167167067527771
13,0.7180704823794052,0.5548875720180353,0.706706702709198
14,0.7185703574106473,0.558890373408571,0.706706702709198
15,0.7213196700824793,0.5533383650441255,0.7167167067527771
16,0.7135716070982254,0.5593956900489119,0.7167167067527771
17,0.7220694826293427,0.5539840125525126,0.706706702709198
18,0.7170707323169208,0.5528995053704397,0.706706702709198
19,0.7153211697075731,0.5564387806264558,0.7167167067527771
20,0.7140714821294676,0.5566593298864972,0.706706702709198
21,0.7148212946763309,0.5542808471843916,0.706706702709198
22,0.7155711072231942,0.5549527636857904,0.706706702709198
23,0.7145713571607099,0.5552466856602042,0.706706702709198
24,0.715071232191952,0.5560001479748099,0.706706702709198
25,0.7170707323169208,0.5564258050483574,0.706706702709198
26,0.715071232191952,0.5556404501668991,0.7167167067527771
27,0.7158210447388152,0.554502270827142,0.706706702709198
28,0.7158210447388152,0.5539528791143489,0.7167167067527771
29,0.7200699825043739,0.55528833507985,0.706706702709198
30,0.7173206698325418,0.5567087582039016,0.706706702709198
31,0.7183204198950263,0.5531665364434438,0.706706702709198
32,0.7193201699575106,0.5560816725368233,0.7167167067527771
33,0.7183204198950263,0.5562201964649609,0.6806806921958923
34,0.7185703574106473,0.5550353867177574,0.706706702709198
35,0.7148212946763309,0.5556530721096419,0.684684693813324
36,0.7160709822544364,0.5544149608827775,0.7167167067527771
37,0.7145713571607099,0.5533957051518738,0.706706702709198
38,0.715071232191952,0.5543207295147725,0.706706702709198
39,0.723069232691827,0.5524208361850443,0.7167167067527771
40,0.7155711072231942,0.558534831456678,0.7167167067527771
41,0.7260684828792802,0.5538322256672713,0.706706702709198
42,0.7143214196450888,0.555105634553228,0.7167167067527771
43,0.715071232191952,0.5563946059869844,0.7167167067527771
44,0.7143214196450888,0.5597788088025525,0.7167167067527771
45,0.7145713571607099,0.5530523357913364,0.706706702709198
46,0.7175706073481629,0.5547285086064003,0.6806806921958923
47,0.7155711072231942,0.5558712270461866,0.7167167067527771
48,0.7168207948012997,0.5532937415150874,0.706706702709198
49,0.7168207948012997,0.5537780744229159,0.7167167067527771
50,0.7065733566608348,0.563002827934133,0.706706702709198
51,0.7195701074731318,0.5566791971752983,0.706706702709198
52,0.7155711072231942,0.5529668503956507,0.706706702709198
53,0.7190702324418895,0.5532733276765723,0.706706702709198
54,0.7223194201449638,0.552405118115453,0.706706702709198
55,0.7178205448637841,0.5555309248518807,0.706706702709198
56,0.7173206698325418,0.5556841661291878,0.684684693813324
57,0.7010747313171707,0.5633675754740667,0.706706702709198
58,0.7178205448637841,0.5553813662060616,0.706706702709198
59,0.7190702324418895,0.5551399928395434,0.7167167067527771
60,0.7170707323169208,0.5545592303575203,0.7167167067527771
61,0.7180704823794052,0.5546943189516212,0.7167167067527771
62,0.7220694826293427,0.5545943186331379,0.7167167067527771
63,0.7245688577855536,0.5559352359989826,0.706706702709198
64,0.7148212946763309,0.5576885765387218,0.7167167067527771
65,0.7133216695826043,0.5565673505863646,0.706706702709198
66,0.7180704823794052,0.5532747156111725,0.706706702709198
67,0.7185703574106473,0.555060897699388,0.706706702709198
68,0.7185703574106473,0.553649130388368,0.706706702709198
69,0.7183204198950263,0.5521946849152017,0.7167167067527771
70,0.7145713571607099,0.5526977252197456,0.706706702709198
71,0.7170707323169208,0.5545503484833333,0.706706702709198
72,0.7158210447388152,0.5583318375149717,0.706706702709198
73,0.7153211697075731,0.5547762153685555,0.706706702709198
74,0.720319920019995,0.5529924944858794,0.706706702709198
75,0.7193201699575106,0.5538310241442983,0.706706702709198
76,0.7173206698325418,0.5541059778976727,0.7167167067527771
77,0.7183204198950263,0.5535740763418259,0.706706702709198
78,0.7123219195201199,0.5578958468418126,0.706706702709198
79,0.7180704823794052,0.5563360509411212,0.706706702709198
80,0.7130717320669833,0.5559346831104095,0.7167167067527771
81,0.7195701074731318,0.5532213879418176,0.706706702709198
82,0.7208197950512372,0.5516229040680514,0.706706702709198
83,0.7175706073481629,0.5549533482463144,0.7167167067527771
84,0.7188202949262684,0.5525661161827224,0.7167167067527771
85,0.723069232691827,0.5547801278525964,0.706706702709198
86,0.7185703574106473,0.5546508970349409,0.706706702709198
87,0.7180704823794052,0.5578624743784824,0.706706702709198
88,0.7168207948012997,0.5545195805910259,0.7167167067527771
89,0.7170707323169208,0.5550460712935322,0.7167167067527771
90,0.7208197950512372,0.5526587286090231,0.706706702709198
91,0.7213196700824793,0.554965110204721,0.7167167067527771
92,0.7200699825043739,0.5541343938198962,0.7167167067527771
93,0.7225693576605848,0.5551222942078659,0.7167167067527771
94,0.7180704823794052,0.553850834145006,0.7167167067527771
95,0.7148212946763309,0.5533231534948352,0.7167167067527771
96,0.7155711072231942,0.5528743189145732,0.706706702709198
97,0.7168207948012997,0.5562510036939503,0.684684693813324
98,0.7133216695826043,0.5567387263049665,0.706706702709198
99,0.7170707323169208,0.5548730274791331,0.7167167067527771
100,0.7170707323169208,0.555031319970758,0.706706702709198
101,0.7090727318170458,0.555234280326193,0.7167167067527771
102,0.7145713571607099,0.5569978374983185,0.7167167067527771
103,0.7173206698325418,0.5550506295591139,0.7167167067527771
104,0.7163209197700575,0.552081700713299,0.706706702709198
105,0.7148212946763309,0.5546358215066977,0.6806806921958923
106,0.7100724818795301,0.5581074671219719,0.7167167067527771
107,0.7180704823794052,0.5560181548344556,0.7167167067527771
108,0.7158210447388152,0.5549650310099468,0.706706702709198
109,0.7225693576605848,0.5534270733512958,0.706706702709198
110,0.7225693576605848,0.5564472354581671,0.7167167067527771
111,0.7108222944263934,0.5552900478530604,0.706706702709198
112,0.7153211697075731,0.5539583957096958,0.7167167067527771
113,0.7160709822544364,0.5539506945840063,0.7167167067527771
114,0.7165708572856786,0.55428226000516,0.706706702709198
115,0.7165708572856786,0.5565370326785856,0.7167167067527771
116,0.7163209197700575,0.5553705138776994,0.706706702709198
117,0.7135716070982254,0.5541612571908426,0.7167167067527771
118,0.7190702324418895,0.5519998690331765,0.7167167067527771
119,0.7210697325668582,0.5528657693351635,0.706706702709198
120,0.7153211697075731,0.5527533598018867,0.7167167067527771
121,0.7210697325668582,0.5559405518066761,0.7167167067527771
122,0.7125718570357411,0.5555218707856701,0.7167167067527771
123,0.7155711072231942,0.5548108924153268,0.706706702709198
124,0.7180704823794052,0.5542097214727633,0.706706702709198
125,0.7215696075981005,0.5540651611404638,0.706706702709198
126,0.7188202949262684,0.554004942214778,0.7167167067527771
127,0.7215696075981005,0.5533058286398478,0.706706702709198
128,0.7175706073481629,0.5533956871334239,0.706706702709198
129,0.7173206698325418,0.5517100087406337,0.706706702709198
130,0.7190702324418895,0.555086253628496,0.7167167067527771
131,0.7188202949262684,0.5521227882314222,0.706706702709198
132,0.7173206698325418,0.5529493409465236,0.706706702709198
133,0.7173206698325418,0.5556139385840262,0.7167167067527771
134,0.7175706073481629,0.55247085710014,0.706706702709198
135,0.7158210447388152,0.5548620235916973,0.706706702709198
136,0.7185703574106473,0.5534853352007048,0.7167167067527771
137,0.720319920019995,0.5542534958479017,0.7167167067527771
138,0.7140714821294676,0.5538084073175165,0.706706702709198
139,0.7170707323169208,0.557962611477782,0.706706702709198
140,0.7170707323169208,0.555779181534396,0.706706702709198
141,0.7193201699575106,0.5546977087441936,0.7167167067527771
142,0.7215696075981005,0.5534020097098986,0.706706702709198
143,0.7158210447388152,0.5541974283760412,0.7167167067527771
144,0.7198200449887528,0.5537012453765697,0.706706702709198
145,0.7180704823794052,0.5576091091563123,0.706706702709198
146,0.7195701074731318,0.556119052939521,0.7167167067527771
147,0.7165708572856786,0.5541006652780307,0.706706702709198
148,0.7133216695826043,0.5519512986070184,0.7167167067527771
149,0.7213196700824793,0.5533765644706568,0.706706702709198
150,0.715071232191952,0.5540365679238445,0.706706702709198
151,0.7178205448637841,0.5526490940865324,0.7167167067527771
152,0.7165708572856786,0.5557541818179003,0.706706702709198
153,0.7185703574106473,0.5565600309095452,0.706706702709198
154,0.7170707323169208,0.5545584960628587,0.7167167067527771
155,0.7183204198950263,0.5563662678889708,0.706706702709198
156,0.7213196700824793,0.5537265433248536,0.684684693813324
157,0.7135716070982254,0.5580302031598547,0.7167167067527771
158,0.7200699825043739,0.554131851289249,0.7167167067527771
159,0.7218195451137216,0.5553834251361143,0.7167167067527771
160,0.7183204198950263,0.5536097244631198,0.706706702709198
161,0.7140714821294676,0.5553860491855357,0.706706702709198
162,0.7153211697075731,0.5532991772769422,0.7167167067527771
163,0.7168207948012997,0.5511466587850137,0.7167167067527771
164,0.7128217945513622,0.5587809128005693,0.7167167067527771
165,0.7168207948012997,0.5555548240500252,0.706706702709198
166,0.7153211697075731,0.5526821216593024,0.706706702709198
167,0.7173206698325418,0.5545985385555829,0.706706702709198
168,0.7163209197700575,0.5539813672444487,0.706706702709198
169,0.7168207948012997,0.5531046015564962,0.706706702709198
170,0.7165708572856786,0.5530560682547506,0.706706702709198
171,0.7180704823794052,0.5528237553305461,0.706706702709198
172,0.7178205448637841,0.5539840836579786,0.7167167067527771
173,0.7185703574106473,0.553867316773402,0.706706702709198
174,0.7183204198950263,0.5570707872819078,0.706706702709198
175,0.7165708572856786,0.5533345570358089,0.7167167067527771
176,0.7188202949262684,0.5536665925828256,0.7167167067527771
177,0.7220694826293427,0.5529076303580022,0.706706702709198
178,0.7173206698325418,0.5524522189765059,0.7167167067527771
179,0.7163209197700575,0.5535772417045123,0.7167167067527771
180,0.7130717320669833,0.5540083102570924,0.706706702709198
181,0.7200699825043739,0.5526449015604737,0.706706702709198
182,0.7155711072231942,0.5549114081553297,0.7167167067527771
183,0.7133216695826043,0.557021191524762,0.7167167067527771
184,0.7153211697075731,0.5531910778924365,0.706706702709198
185,0.7140714821294676,0.5566728675970284,0.706706702709198
186,0.7175706073481629,0.552731381151504,0.7167167067527771
187,0.7173206698325418,0.5595006589828745,0.706706702709198
188,0.7188202949262684,0.5536944421938853,0.7167167067527771
189,0.7218195451137216,0.5542376104279537,0.7167167067527771
190,0.7175706073481629,0.5530949349970675,0.706706702709198
191,0.7163209197700575,0.5523745485676196,0.7167167067527771
192,0.7160709822544364,0.5526370506559543,0.706706702709198
193,0.7198200449887528,0.5527868025066316,0.7167167067527771
194,0.7193201699575106,0.5520124304327361,0.7167167067527771
195,0.7185703574106473,0.5542290585468901,0.706706702709198
196,0.7145713571607099,0.5559050687191874,0.706706702709198
197,0.7193201699575106,0.5529679945932868,0.7167167067527771
198,0.7143214196450888,0.5546751086844769,0.7167167067527771
199,0.7198200449887528,0.5566442323249449,0.706706702709198
200,0.7218195451137216,0.5549141790860297,0.706706702709198
201,0.7218195451137216,0.5522843118430197,0.706706702709198
202,0.7155711072231942,0.553966263686678,0.7167167067527771
203,0.7110722319420145,0.5514185030559873,0.7167167067527771
204,0.7100724818795301,0.560922935094812,0.706706702709198
205,0.715071232191952,0.5539826413328366,0.706706702709198
206,0.7160709822544364,0.5544668512772215,0.7167167067527771
207,0.7215696075981005,0.552739498928707,0.706706702709198
208,0.7220694826293427,0.553379936170292,0.706706702709198
209,0.7178205448637841,0.5530817069670046,0.7167167067527771
210,0.7185703574106473,0.5535302337066319,0.706706702709198
211,0.7193201699575106,0.5532480864279331,0.706706702709198
212,0.7153211697075731,0.5533093840323279,0.7167167067527771
213,0.7173206698325418,0.5530683727331145,0.7167167067527771
214,0.7170707323169208,0.5543210246032013,0.7167167067527771
215,0.7183204198950263,0.5524617275039245,0.706706702709198
216,0.7233191702074482,0.5553138400876084,0.7167167067527771
217,0.7225693576605848,0.5527355902733072,0.7167167067527771
218,0.7193201699575106,0.5525890988458606,0.706706702709198
219,0.7160709822544364,0.5541411038191132,0.706706702709198
220,0.7225693576605848,0.5523444528402135,0.706706702709198
221,0.7165708572856786,0.555432371811937,0.684684693813324
222,0.7158210447388152,0.5579377558939875,0.7167167067527771
223,0.7145713571607099,0.5562366334774053,0.706706702709198
224,0.7185703574106473,0.5546311120544782,0.706706702709198
225,0.7218195451137216,0.5523969610462603,0.7167167067527771
226,0.7198200449887528,0.5533931399100842,0.706706702709198
227,0.7200699825043739,0.5523484240201556,0.706706702709198
228,0.7153211697075731,0.5515189374187415,0.706706702709198
229,0.7195701074731318,0.5536095515932627,0.7167167067527771
230,0.715071232191952,0.5572182222087214,0.706706702709198
231,0.7155711072231942,0.5541411615913733,0.7167167067527771
232,0.7173206698325418,0.5520892322465677,0.7167167067527771
233,0.7180704823794052,0.5531263520526338,0.706706702709198
234,0.715071232191952,0.554043002692916,0.7167167067527771
235,0.7220694826293427,0.5550568953838029,0.7167167067527771
236,0.7220694826293427,0.5531406414952763,0.706706702709198
237,0.7158210447388152,0.5557524936105632,0.706706702709198
238,0.715071232191952,0.5529139246591417,0.7167167067527771
239,0.7198200449887528,0.5539014198368295,0.7167167067527771
240,0.7175706073481629,0.554434051158517,0.706706702709198
241,0.7183204198950263,0.5524497158644766,0.6806806921958923
242,0.7113221694576356,0.5595801877576213,0.7167167067527771
243,0.7198200449887528,0.5533035129524714,0.706706702709198
244,0.7123219195201199,0.554374858271447,0.7167167067527771
245,0.7195701074731318,0.5526188662486564,0.7167167067527771
246,0.7210697325668582,0.5535258688917163,0.706706702709198
247,0.7135716070982254,0.5536736087243695,0.706706702709198
248,0.7173206698325418,0.5522439805932773,0.706706702709198
249,0.7190702324418895,0.5519846282849101,0.706706702709198
250,0.7140714821294676,0.5529038054261974,0.7167167067527771
251,0.7185703574106473,0.5544093521244375,0.706706702709198
252,0.7200699825043739,0.5530939788199818,0.7167167067527771
253,0.715071232191952,0.5527078380020998,0.7167167067527771
254,0.7198200449887528,0.5517869273205752,0.7167167067527771
255,0.7215696075981005,0.5517319099541397,0.7167167067527771
256,0.7155711072231942,0.5547261900736135,0.706706702709198
257,0.7153211697075731,0.5558556502713349,0.7167167067527771
258,0.7178205448637841,0.552585757023035,0.7167167067527771
259,0.7180704823794052,0.5556260596600451,0.706706702709198
260,0.7218195451137216,0.5522406185620786,0.706706702709198
261,0.7188202949262684,0.553105648652639,0.706706702709198
262,0.7195701074731318,0.5527672163101174,0.7167167067527771
263,0.7143214196450888,0.5531700435682286,0.7167167067527771
264,0.7200699825043739,0.5533601631152275,0.7167167067527771
265,0.7193201699575106,0.5550767925643111,0.706706702709198
266,0.7233191702074482,0.5523160660573764,0.7167167067527771
267,0.7145713571607099,0.5526850712475136,0.7167167067527771
268,0.7165708572856786,0.5534563021596091,0.706706702709198
269,0.7215696075981005,0.5528839705914624,0.706706702709198
270,0.7128217945513622,0.5537003809825923,0.7167167067527771
271,0.7218195451137216,0.5518635855380132,0.7167167067527771
272,0.7128217945513622,0.5541741576560644,0.7167167067527771
273,0.7193201699575106,0.5534188450053167,0.706706702709198
274,0.7190702324418895,0.5524496823899361,0.7167167067527771
275,0.7168207948012997,0.555550557841244,0.7167167067527771
276,0.7163209197700575,0.5532428564592708,0.706706702709198
277,0.7173206698325418,0.553901120875067,0.7167167067527771
278,0.7223194201449638,0.5544614970192436,0.706706702709198
279,0.7195701074731318,0.5545952894171605,0.7167167067527771
280,0.7190702324418895,0.5524280267159839,0.706706702709198
281,0.7173206698325418,0.5523202280436894,0.706706702709198
282,0.7180704823794052,0.5526792438841855,0.706706702709198
283,0.7210697325668582,0.5523093550451337,0.7167167067527771
284,0.7188202949262684,0.5531320714020962,0.706706702709198
285,0.7163209197700575,0.5546641685878655,0.706706702709198
286,0.7143214196450888,0.554484120497731,0.7167167067527771
287,0.715071232191952,0.5517060451732818,0.7167167067527771
288,0.7213196700824793,0.5528536062185778,0.7167167067527771
289,0.7188202949262684,0.5540214925967166,0.706706702709198
290,0.7175706073481629,0.5538425412633305,0.706706702709198
291,0.7153211697075731,0.5553276560748109,0.706706702709198
292,0.7185703574106473,0.5545367362707205,0.706706702709198
293,0.7153211697075731,0.5566466871841762,0.7167167067527771
294,0.7200699825043739,0.5547696792671186,0.706706702709198
295,0.7148212946763309,0.5532011765743666,0.7167167067527771
296,0.7205698575356161,0.5531183507733868,0.706706702709198
297,0.7198200449887528,0.5530292880189506,0.706706702709198
298,0.7163209197700575,0.5547563498451006,0.706706702709198
299,0.7140714821294676,0.5534277897839307,0.7167167067527771
300,0.7210697325668582,0.5532256077003908,0.706706702709198
301,0.7170707323169208,0.5556703573374473,0.706706702709198
302,0.7148212946763309,0.5534804453256279,0.706706702709198
303,0.7170707323169208,0.5522186572746586,0.706706702709198
304,0.7193201699575106,0.5529563626150166,0.7167167067527771
305,0.7148212946763309,0.553534936708261,0.706706702709198
306,0.7193201699575106,0.5534782109037694,0.7167167067527771
307,0.7190702324418895,0.5521591005847324,0.7167167067527771
308,0.7213196700824793,0.5519857473505703,0.706706702709198
309,0.7145713571607099,0.5534278547069604,0.7167167067527771
310,0.7115721069732567,0.5546540287070738,0.7167167067527771
311,0.7163209197700575,0.5532600976800478,0.706706702709198
312,0.7190702324418895,0.5522261314825904,0.706706702709198
313,0.7185703574106473,0.5534043680486367,0.7167167067527771
314,0.7218195451137216,0.5524990916162752,0.706706702709198
315,0.7195701074731318,0.5536677597970017,0.706706702709198
316,0.7183204198950263,0.5543332176785325,0.706706702709198
317,0.7173206698325418,0.5583364336498378,0.706706702709198
318,0.7178205448637841,0.5534014493353633,0.706706702709198
319,0.7163209197700575,0.5520872170255947,0.706706702709198
320,0.7193201699575106,0.5528297404204866,0.7167167067527771
321,0.7158210447388152,0.5542186217005924,0.7167167067527771
322,0.7190702324418895,0.5538558398923467,0.7167167067527771
323,0.7185703574106473,0.5528296601009559,0.706706702709198
324,0.7153211697075731,0.5531203347246398,0.706706702709198
325,0.7165708572856786,0.553220869481221,0.706706702709198
326,0.715071232191952,0.5547063771828029,0.7167167067527771
327,0.7138215446138465,0.5557029134361364,0.7167167067527771
328,0.7225693576605848,0.5537855988947995,0.7167167067527771
329,0.7173206698325418,0.5540976216497495,0.706706702709198
330,0.7185703574106473,0.5565129253334535,0.7167167067527771
331,0.715071232191952,0.5533310465591009,0.706706702709198
332,0.7198200449887528,0.5524539237497926,0.706706702709198
333,0.7148212946763309,0.5524525077931138,0.706706702709198
334,0.7183204198950263,0.5540429144553977,0.7167167067527771
335,0.7185703574106473,0.5548001227304954,0.706706702709198
336,0.7195701074731318,0.5582301522665875,0.7167167067527771
337,0.7218195451137216,0.5530453773773601,0.706706702709198
338,0.7160709822544364,0.5543306947678097,0.7167167067527771
339,0.7185703574106473,0.557083003157766,0.706706702709198
340,0.7125718570357411,0.5545468515707415,0.7167167067527771
341,0.7180704823794052,0.5558976158145904,0.706706702709198
342,0.7168207948012997,0.5543794274568498,0.706706702709198
343,0.7170707323169208,0.5547645300574614,0.706706702709198
344,0.7153211697075731,0.5532445813887896,0.706706702709198
345,0.7135716070982254,0.5549845080976336,0.7167167067527771
346,0.7173206698325418,0.552874952785613,0.706706702709198
347,0.7155711072231942,0.5550797158585462,0.7167167067527771
348,0.7198200449887528,0.5512631986773452,0.706706702709198
349,0.7163209197700575,0.555747263850465,0.706706702709198
350,0.7168207948012997,0.5560458193970036,0.7167167067527771
351,0.7183204198950263,0.5536386470471701,0.7167167067527771
352,0.7220694826293427,0.5543902926119051,0.706706702709198
353,0.720319920019995,0.5518220067918077,0.706706702709198
354,0.7183204198950263,0.5528147062847716,0.706706702709198
355,0.7188202949262684,0.5539265573248211,0.706706702709198
356,0.7223194201449638,0.5521829366475396,0.706706702709198
357,0.7170707323169208,0.5549474596172772,0.7167167067527771
358,0.7200699825043739,0.5543738347951903,0.7167167067527771
359,0.7178205448637841,0.5525762657617456,0.706706702709198
360,0.7178205448637841,0.5544151367470194,0.7167167067527771
361,0.7180704823794052,0.5524189415886175,0.7167167067527771
362,0.7145713571607099,0.553703907816686,0.706706702709198
363,0.7185703574106473,0.5543974303388798,0.706706702709198
364,0.7195701074731318,0.5552503938854888,0.706706702709198
365,0.7170707323169208,0.5521942928146643,0.7167167067527771
366,0.7158210447388152,0.5545428742679528,0.706706702709198
367,0.7145713571607099,0.5546655902800576,0.706706702709198
368,0.720319920019995,0.5541604123274049,0.706706702709198
369,0.7175706073481629,0.5541975465425102,0.706706702709198
370,0.7163209197700575,0.5537154791623883,0.706706702709198
371,0.7175706073481629,0.5535583482388108,0.7167167067527771
372,0.7173206698325418,0.5526427985787005,0.706706702709198
373,0.7215696075981005,0.5547894683667226,0.7167167067527771
374,0.7188202949262684,0.5518520310562094,0.706706702709198
375,0.7148212946763309,0.552858504495809,0.706706702709198
376,0.7183204198950263,0.5538605875117991,0.7167167067527771
377,0.7175706073481629,0.5532250210393282,0.706706702709198
378,0.7155711072231942,0.5527919844310601,0.706706702709198
379,0.7168207948012997,0.5523885454841925,0.7167167067527771
380,0.7228192951762059,0.5550553156149086,0.7167167067527771
381,0.7173206698325418,0.5535027008150792,0.706706702709198
382,0.7163209197700575,0.5535708515085718,0.7167167067527771
383,0.720319920019995,0.5537027763116661,0.706706702709198
384,0.7143214196450888,0.5548614401633786,0.7167167067527771
385,0.7128217945513622,0.5539731166268015,0.706706702709198
386,0.7163209197700575,0.5531577321029669,0.7167167067527771
387,0.7188202949262684,0.5518619931509899,0.706706702709198
388,0.7245688577855536,0.552141642695634,0.706706702709198
389,0.7153211697075731,0.5536259976335538,0.706706702709198
390,0.7170707323169208,0.5531695293385039,0.7167167067527771
391,0.7205698575356161,0.5522888267943037,0.706706702709198
392,0.7205698575356161,0.5519957906661764,0.7167167067527771
393,0.7105723569107723,0.5529968931179766,0.706706702709198
394,0.7160709822544364,0.5548706354200468,0.706706702709198
395,0.7138215446138465,0.5532004511138852,0.7167167067527771
396,0.7180704823794052,0.5526760035203535,0.7167167067527771
397,0.7193201699575106,0.5549832234320656,0.706706702709198
398,0.7163209197700575,0.5527094437670214,0.706706702709198
399,0.7180704823794052,0.5549067133696369,0.706706702709198
400,0.7175706073481629,0.5532926871489954,0.706706702709198
401,0.7173206698325418,0.5528319095468796,0.7167167067527771
402,0.7145713571607099,0.5549017319200159,0.7167167067527771
403,0.7185703574106473,0.5549301046769162,0.7167167067527771
404,0.7125718570357411,0.5528273332181557,0.706706702709198
405,0.7165708572856786,0.5520409544507613,0.7167167067527771
406,0.7190702324418895,0.554147255611372,0.706706702709198
407,0.7185703574106473,0.5536460348350708,0.7167167067527771
408,0.7195701074731318,0.5534772608346327,0.7167167067527771
409,0.7155711072231942,0.5524145297126989,0.706706702709198
410,0.7158210447388152,0.5529470835975098,0.706706702709198
411,0.7163209197700575,0.5528962651928256,0.7167167067527771
412,0.7183204198950263,0.5539251032753963,0.7167167067527771
413,0.7208197950512372,0.5526401710432787,0.706706702709198
414,0.7158210447388152,0.5543933573200595,0.7167167067527771
415,0.7155711072231942,0.5513536019552889,0.7167167067527771
416,0.7180704823794052,0.5537922022283688,0.7167167067527771
417,0.7140714821294676,0.5538941673548988,0.7167167067527771
418,0.7190702324418895,0.553406750402043,0.7167167067527771
419,0.7200699825043739,0.5522421085068775,0.706706702709198
420,0.7185703574106473,0.5521384054230202,0.7167167067527771
421,0.7195701074731318,0.5541734814912014,0.7167167067527771
422,0.7190702324418895,0.5534201499313988,0.706706702709198
423,0.7185703574106473,0.553160186306711,0.706706702709198
424,0.7165708572856786,0.5539282815839552,0.7167167067527771
425,0.7118220444888778,0.5530747859828384,0.706706702709198
426,0.7180704823794052,0.552956890632319,0.706706702709198
427,0.7135716070982254,0.552054119926487,0.7167167067527771
428,0.7155711072231942,0.5532571173807705,0.7167167067527771
429,0.7185703574106473,0.552823294359158,0.7167167067527771
430,0.7175706073481629,0.5533190592769622,0.7167167067527771
431,0.7235691077230693,0.5530131332756907,0.7167167067527771
432,0.7190702324418895,0.5534563501814966,0.7167167067527771
433,0.715071232191952,0.5538276393274699,0.706706702709198
434,0.715071232191952,0.5537314899293699,0.7167167067527771
435,0.7158210447388152,0.5535421948288716,0.7167167067527771
436,0.7180704823794052,0.5515828475270441,0.7167167067527771
437,0.7178205448637841,0.5537345115317908,0.7167167067527771
438,0.720319920019995,0.5539515727134205,0.706706702709198
439,0.720319920019995,0.5529742418632183,0.7167167067527771
440,0.7188202949262684,0.552266685434116,0.7167167067527771
441,0.7148212946763309,0.5525138127940858,0.7167167067527771
442,0.7215696075981005,0.554534845815781,0.7167167067527771
443,0.7200699825043739,0.554846422653203,0.706706702709198
444,0.7198200449887528,0.5531667625716375,0.706706702709198
445,0.7155711072231942,0.5531197266932042,0.7167167067527771
446,0.7143214196450888,0.5536110736047944,0.706706702709198
447,0.7118220444888778,0.5529279195645606,0.706706702709198
448,0.7200699825043739,0.5523453034838567,0.706706702709198
449,0.7145713571607099,0.5534693661614437,0.706706702709198
450,0.7135716070982254,0.5529412193555767,0.706706702709198
451,0.7143214196450888,0.5527572924719546,0.7167167067527771
452,0.7223194201449638,0.5535920440212126,0.706706702709198
453,0.7163209197700575,0.5529578393383403,0.7167167067527771
454,0.7175706073481629,0.5545192768918785,0.7167167067527771
455,0.7165708572856786,0.5538566430653075,0.706706702709198
456,0.7223194201449638,0.5520497869995349,0.706706702709198
457,0.7160709822544364,0.5551015812735115,0.7167167067527771
458,0.7170707323169208,0.5538359170435548,0.706706702709198
459,0.7190702324418895,0.5546602924237756,0.706706702709198
460,0.7243189202699325,0.5541869075379947,0.7167167067527771
461,0.7158210447388152,0.5529784620091248,0.7167167067527771
462,0.7245688577855536,0.5531597503183247,0.706706702709198
463,0.7193201699575106,0.5536110937610265,0.7167167067527771
464,0.715071232191952,0.5524825666791586,0.7167167067527771
465,0.7143214196450888,0.5525825225511393,0.7167167067527771
466,0.7198200449887528,0.552926001206722,0.706706702709198
467,0.7173206698325418,0.5522368380767767,0.7167167067527771
468,0.7175706073481629,0.5558132908249521,0.706706702709198
469,0.7175706073481629,0.5544333332659334,0.706706702709198
470,0.7158210447388152,0.55193155068393,0.706706702709198
471,0.7200699825043739,0.5521026217648459,0.706706702709198
472,0.7185703574106473,0.5550501221747615,0.7167167067527771
473,0.7218195451137216,0.5538677566500194,0.7167167067527771
474,0.7130717320669833,0.5527359875581527,0.7167167067527771
475,0.7195701074731318,0.554621704382707,0.706706702709198
476,0.7198200449887528,0.5536652813253329,0.7167167067527771
477,0.7163209197700575,0.5531696248012792,0.7167167067527771
478,0.7183204198950263,0.5557529849876198,0.706706702709198
479,0.7168207948012997,0.5531008621508764,0.706706702709198
480,0.7185703574106473,0.5517377885423044,0.7167167067527771
481,0.7188202949262684,0.5539423424254296,0.706706702709198
482,0.7170707323169208,0.5518615426525001,0.706706702709198
483,0.7130717320669833,0.552344596466402,0.7167167067527771
484,0.7195701074731318,0.5528057992562626,0.706706702709198
485,0.7208197950512372,0.5534400712383059,0.706706702709198
486,0.7205698575356161,0.5532690989199474,0.7167167067527771
487,0.7148212946763309,0.5522933005690723,0.706706702709198
488,0.7173206698325418,0.5531913143296565,0.7167167067527771
489,0.7198200449887528,0.5524749739621169,0.706706702709198
490,0.7160709822544364,0.552099522814933,0.7167167067527771
491,0.715071232191952,0.5558217744459601,0.706706702709198
492,0.7220694826293427,0.5521544098436937,0.706706702709198
493,0.7170707323169208,0.5517303925161211,0.7167167067527771
494,0.7200699825043739,0.5538201464679473,0.706706702709198
495,0.7165708572856786,0.554971740130215,0.706706702709198
496,0.720319920019995,0.5521711832104669,0.7167167067527771
497,0.7193201699575106,0.5524796821406054,0.706706702709198
498,0.7148212946763309,0.5527894264368736,0.706706702709198
499,0.7140714821294676,0.5526942618785278,0.7167167067527771
500,0.7185703574106473,0.5535084221459007,0.706706702709198
501,0.7188202949262684,0.5525435375231739,0.706706702709198
502,0.7178205448637841,0.5534566440855793,0.7167167067527771
503,0.7165708572856786,0.5539341509059142,0.706706702709198
504,0.720319920019995,0.5539691977368626,0.706706702709198
505,0.7188202949262684,0.552680571312846,0.706706702709198
506,0.7153211697075731,0.5529852370952434,0.706706702709198
507,0.7168207948012997,0.5531469789989827,0.7167167067527771
508,0.720319920019995,0.5551477885788544,0.7167167067527771
509,0.7260684828792802,0.5526183578885219,0.7167167067527771
510,0.7178205448637841,0.5521007615070109,0.7167167067527771
511,0.7143214196450888,0.5535802497353681,0.7167167067527771
512,0.7215696075981005,0.5532545799078032,0.7167167067527771
513,0.7198200449887528,0.5539541471692747,0.7167167067527771
514,0.7208197950512372,0.5529282970954048,0.706706702709198
515,0.7153211697075731,0.5521806258465224,0.706706702709198
516,0.7148212946763309,0.5518680763852445,0.706706702709198
517,0.7158210447388152,0.5524277246927982,0.7167167067527771
518,0.7148212946763309,0.5536463815282208,0.706706702709198
519,0.7173206698325418,0.5535204913490446,0.7167167067527771
520,0.7158210447388152,0.5522880420941646,0.706706702709198
521,0.7155711072231942,0.5537659297642544,0.706706702709198
522,0.7190702324418895,0.5536977126728859,0.7167167067527771
523,0.7223194201449638,0.5540822929842596,0.706706702709198
524,0.7205698575356161,0.5533805376915477,0.706706702709198
525,0.7165708572856786,0.5517074791260643,0.706706702709198
526,0.7173206698325418,0.5538090964431496,0.7167167067527771
527,0.7115721069732567,0.5540666112271704,0.706706702709198
528,0.7185703574106473,0.5524628477464822,0.706706702709198
529,0.7213196700824793,0.552790588585921,0.7167167067527771
530,0.7170707323169208,0.5518084542359808,0.7167167067527771
531,0.7128217945513622,0.5569903819270803,0.7167167067527771
532,0.7180704823794052,0.5534677955395757,0.7167167067527771
533,0.7178205448637841,0.5535525175012133,0.706706702709198
534,0.7120719820044988,0.5524034275170774,0.7167167067527771
535,0.720319920019995,0.5538925095904741,0.7167167067527771
536,0.7168207948012997,0.552097762444412,0.706706702709198
537,0.7185703574106473,0.5520888490546975,0.7167167067527771
538,0.720319920019995,0.5528942898671885,0.7167167067527771
539,0.7143214196450888,0.5523072785361056,0.7167167067527771
540,0.7148212946763309,0.5533471733920129,0.7167167067527771
541,0.7155711072231942,0.5528270358653166,0.706706702709198
542,0.7170707323169208,0.5520163766147792,0.706706702709198
543,0.7160709822544364,0.55283996834513,0.7167167067527771
544,0.7228192951762059,0.5523859099935394,0.7167167067527771
545,0.715071232191952,0.5519196928009276,0.7167167067527771
546,0.7173206698325418,0.5538549724741895,0.7167167067527771
547,0.7205698575356161,0.5538291433726927,0.7167167067527771
548,0.7195701074731318,0.5528851712354866,0.706706702709198
549,0.7163209197700575,0.5526023829126322,0.706706702709198
550,0.720319920019995,0.5529396070953727,0.7167167067527771
551,0.7143214196450888,0.5517927186246575,0.7167167067527771
552,0.7170707323169208,0.5522601247966007,0.7167167067527771
553,0.7188202949262684,0.5543095262847344,0.706706702709198
554,0.723069232691827,0.5534379464541337,0.7167167067527771
555,0.7193201699575106,0.5538411365095242,0.706706702709198
556,0.7165708572856786,0.5553943936123428,0.7167167067527771
557,0.7135716070982254,0.5552753367086734,0.7167167067527771
558,0.7198200449887528,0.5518661340723273,0.706706702709198
559,0.715071232191952,0.5529637435500964,0.706706702709198
560,0.7113221694576356,0.5519026965833967,0.7167167067527771
561,0.7190702324418895,0.5523898134199389,0.7167167067527771
562,0.7133216695826043,0.5532354277183162,0.706706702709198
563,0.7200699825043739,0.5525017955159581,0.706706702709198
564,0.7195701074731318,0.553015861368811,0.706706702709198
565,0.7238190452386903,0.5519919739130645,0.706706702709198
566,0.7158210447388152,0.5526907691297696,0.706706702709198
567,0.7173206698325418,0.5523494481891431,0.706706702709198
568,0.7175706073481629,0.5545804823109342,0.7167167067527771
569,0.7158210447388152,0.5525453639340323,0.7167167067527771
570,0.7223194201449638,0.5521669189383525,0.706706702709198
571,0.7190702324418895,0.5536727603302393,0.706706702709198
572,0.7145713571607099,0.5529118376176257,0.706706702709198
573,0.7133216695826043,0.5533172327767191,0.706706702709198
574,0.7175706073481629,0.5511472659151544,0.7167167067527771
575,0.7165708572856786,0.5530528129189946,0.706706702709198
576,0.7210697325668582,0.5537160176153453,0.706706702709198
577,0.7223194201449638,0.5524709742535832,0.706706702709198
578,0.7180704823794052,0.5527130663171467,0.706706702709198
579,0.7183204198950263,0.5524277455566585,0.7167167067527771
580,0.7175706073481629,0.5522996098719308,0.706706702709198
581,0.7170707323169208,0.5527295645804025,0.706706702709198
582,0.7225693576605848,0.555301994927017,0.706706702709198
583,0.7193201699575106,0.5542080133475533,0.706706702709198
584,0.7160709822544364,0.5551354851135163,0.706706702709198
585,0.7173206698325418,0.5551936467478675,0.7167167067527771
586,0.7205698575356161,0.5531615075752814,0.706706702709198
587,0.7208197950512372,0.5520666550246217,0.706706702709198
588,0.7195701074731318,0.5521312994946244,0.706706702709198
589,0.7158210447388152,0.5531831268696927,0.7167167067527771
590,0.7225693576605848,0.5521082375473274,0.706706702709198
591,0.7175706073481629,0.5527419503019381,0.706706702709198
592,0.7188202949262684,0.5528852563892356,0.7167167067527771
593,0.7143214196450888,0.5521623023716518,0.7167167067527771
594,0.7188202949262684,0.5521167201180662,0.706706702709198
595,0.7195701074731318,0.5529096899137471,0.7167167067527771
596,0.7218195451137216,0.5520990742084176,0.7167167067527771
597,0.7153211697075731,0.5528353431900571,0.706706702709198
598,0.7153211697075731,0.5517027672753576,0.7167167067527771
599,0.7140714821294676,0.5537655706168473,0.7167167067527771
600,0.7173206698325418,0.5522383282524859,0.7167167067527771
601,0.715071232191952,0.5518696030894686,0.7167167067527771
602,0.7173206698325418,0.5515822026021062,0.7167167067527771
603,0.7218195451137216,0.553420326153179,0.706706702709198
604,0.7173206698325418,0.5574835326277712,0.706706702709198
605,0.7183204198950263,0.5541913054326688,0.7167167067527771
606,0.7208197950512372,0.5514261220819024,0.706706702709198
607,0.7188202949262684,0.552685767509019,0.7167167067527771
608,0.7178205448637841,0.5529961316801851,0.706706702709198
609,0.7175706073481629,0.5523463842035145,0.706706702709198
610,0.7160709822544364,0.5533976697885999,0.706706702709198
611,0.7168207948012997,0.5552446605622307,0.7167167067527771
612,0.7180704823794052,0.5534378555052819,0.7167167067527771
613,0.7240689827543114,0.5517952785033698,0.7167167067527771
614,0.7185703574106473,0.5518661097597105,0.706706702709198
615,0.7233191702074482,0.5519264480958013,0.706706702709198
616,0.7190702324418895,0.5517036152672571,0.7167167067527771
617,0.7183204198950263,0.5536968658280891,0.7167167067527771
618,0.7163209197700575,0.5527530216747628,0.706706702709198
619,0.7158210447388152,0.553506722795281,0.706706702709198
620,0.7238190452386903,0.5525025863463925,0.706706702709198
621,0.7165708572856786,0.553049590610856,0.7167167067527771
622,0.7215696075981005,0.5533274333198737,0.7167167067527771
623,0.7153211697075731,0.552485350905821,0.7167167067527771
624,0.7140714821294676,0.5530550259406851,0.7167167067527771
625,0.7168207948012997,0.5529446904434618,0.7167167067527771
626,0.7193201699575106,0.5519114667342562,0.706706702709198
627,0.7163209197700575,0.5525123837649063,0.706706702709198
628,0.7175706073481629,0.5522050323619809,0.7167167067527771
629,0.7220694826293427,0.5532067340631778,0.7167167067527771
630,0.7185703574106473,0.5520160079032175,0.7167167067527771
631,0.7163209197700575,0.5526123151008083,0.7167167067527771
632,0.7185703574106473,0.5526011168912064,0.7167167067527771
633,0.7130717320669833,0.5532261324923982,0.7167167067527771
634,0.7190702324418895,0.5519365620997452,0.7167167067527771
635,0.7178205448637841,0.5523600076413459,0.7167167067527771
636,0.7235691077230693,0.5529784058010957,0.7167167067527771
637,0.7178205448637841,0.5523966482447791,0.7167167067527771
638,0.7158210447388152,0.5524269010656567,0.706706702709198
639,0.7173206698325418,0.552646985816169,0.7167167067527771
640,0.7188202949262684,0.5530009993580811,0.706706702709198
641,0.7193201699575106,0.5533075675580598,0.7167167067527771
642,0.7118220444888778,0.5543803915742694,0.7167167067527771
643,0.7175706073481629,0.557339391568934,0.7167167067527771
644,0.7218195451137216,0.5545691149707318,0.706706702709198
645,0.7155711072231942,0.5526614291642314,0.706706702709198
646,0.7208197950512372,0.5524516947208062,0.706706702709198
647,0.715071232191952,0.5537836666227549,0.7167167067527771
648,0.7223194201449638,0.5542457880481605,0.7167167067527771
649,0.7170707323169208,0.5537903982083578,0.7167167067527771
650,0.7233191702074482,0.552247545520117,0.706706702709198
651,0.7178205448637841,0.5538890812433352,0.7167167067527771
652,0.7198200449887528,0.5521052613820889,0.7167167067527771
653,0.7183204198950263,0.5537710630783467,0.706706702709198
654,0.7180704823794052,0.5543398106136909,0.7167167067527771
655,0.7130717320669833,0.5524822632630626,0.7167167067527771
656,0.7188202949262684,0.55322858723245,0.7167167067527771
657,0.7170707323169208,0.5513850046944183,0.706706702709198
658,0.7205698575356161,0.5526061458338561,0.706706702709198
659,0.7173206698325418,0.5519284439277601,0.7167167067527771
660,0.7193201699575106,0.5522240454689975,0.706706702709198
661,0.7225693576605848,0.5522170700719433,0.706706702709198
662,0.7188202949262684,0.5538014537154123,0.7167167067527771
663,0.7190702324418895,0.5519169155760605,0.7167167067527771
664,0.7193201699575106,0.5533635126325793,0.7167167067527771
665,0.7138215446138465,0.552482756576786,0.7167167067527771
666,0.7133216695826043,0.553072124846248,0.706706702709198
667,0.7148212946763309,0.552293746181203,0.7167167067527771
668,0.7158210447388152,0.5534045206430822,0.706706702709198
669,0.7188202949262684,0.5528728509285962,0.706706702709198
670,0.7195701074731318,0.5527520342130596,0.7167167067527771
671,0.7225693576605848,0.5525477592780035,0.7167167067527771
672,0.7163209197700575,0.552088951995986,0.706706702709198
673,0.7158210447388152,0.552751784248967,0.706706702709198
674,0.7193201699575106,0.5538572622251284,0.706706702709198
675,0.7173206698325418,0.5525974887843371,0.7167167067527771
676,0.7138215446138465,0.5535354410311902,0.7167167067527771
677,0.7163209197700575,0.5530888774608916,0.706706702709198
678,0.7120719820044988,0.5519214747876294,0.706706702709198
679,0.7145713571607099,0.552360549684585,0.706706702709198
680,0.7160709822544364,0.5530992057644645,0.706706702709198
681,0.7165708572856786,0.5552127938126362,0.706706702709198
682,0.7158210447388152,0.5528983257020065,0.706706702709198
683,0.7170707323169208,0.55366581559211,0.706706702709198
684,0.7153211697075731,0.5527785720452163,0.7167167067527771
685,0.7210697325668582,0.5514152306403198,0.7167167067527771
686,0.7170707323169208,0.5552229574548396,0.706706702709198
687,0.7145713571607099,0.5527200366490723,0.706706702709198
688,0.7140714821294676,0.553014941094548,0.706706702709198
689,0.7155711072231942,0.5533818045248838,0.7167167067527771
690,0.7153211697075731,0.5533991089405879,0.7167167067527771
691,0.7200699825043739,0.5520398083760482,0.706706702709198
692,0.7155711072231942,0.5528608691659578,0.706706702709198
693,0.7148212946763309,0.5558151483118638,0.706706702709198
694,0.7205698575356161,0.5521171637637351,0.7167167067527771
695,0.7218195451137216,0.5530658188655179,0.7167167067527771
696,0.7140714821294676,0.5534303561802716,0.7167167067527771
697,0.720319920019995,0.5514485677073402,0.706706702709198
698,0.7140714821294676,0.5536183774307412,0.7167167067527771
699,0.7205698575356161,0.5529985502492604,0.7167167067527771
700,0.7188202949262684,0.5544282228938939,0.706706702709198
701,0.7168207948012997,0.5534307500610528,0.7167167067527771
702,0.7163209197700575,0.5532226253378185,0.706706702709198
703,0.7145713571607099,0.5547114842774062,0.706706702709198
704,0.7228192951762059,0.5527730153459693,0.706706702709198
705,0.7160709822544364,0.5529574497554696,0.7167167067527771
706,0.7225693576605848,0.5531067834499924,0.706706702709198
707,0.7223194201449638,0.5523668232038003,0.706706702709198
708,0.7143214196450888,0.5532741679813945,0.706706702709198
709,0.7190702324418895,0.5524412129438391,0.7167167067527771
710,0.7200699825043739,0.5516845703095206,0.7167167067527771
711,0.7158210447388152,0.5526386811655183,0.706706702709198
712,0.7155711072231942,0.5537657758215909,0.7167167067527771
713,0.7195701074731318,0.5525655277488649,0.7167167067527771
714,0.7135716070982254,0.5523765069995633,0.7167167067527771
715,0.7153211697075731,0.5530061778560992,0.706706702709198
716,0.7248187953011747,0.5517132626983768,0.706706702709198
717,0.7145713571607099,0.5542722877503276,0.706706702709198
718,0.7200699825043739,0.5522005693431616,0.706706702709198
719,0.7225693576605848,0.5521283410722332,0.706706702709198
720,0.7185703574106473,0.5536038459494423,0.706706702709198
721,0.7135716070982254,0.5530382366187571,0.706706702709198
722,0.7190702324418895,0.5542735773394984,0.706706702709198
723,0.7175706073481629,0.5532652071731384,0.7167167067527771
724,0.7188202949262684,0.5525566272454332,0.706706702709198
725,0.7195701074731318,0.5523507723031238,0.7167167067527771
726,0.7180704823794052,0.5539645184370554,0.706706702709198
727,0.7185703574106473,0.5536245889170294,0.7167167067527771
728,0.7180704823794052,0.5536756740454226,0.7167167067527771
729,0.7170707323169208,0.5525217298357763,0.7167167067527771
730,0.7188202949262684,0.5538747610523831,0.7167167067527771
731,0.715071232191952,0.5533962728112556,0.706706702709198
732,0.7145713571607099,0.5536962079870733,0.7167167067527771
733,0.7155711072231942,0.5520076252197927,0.706706702709198
734,0.7210697325668582,0.5527445058678425,0.706706702709198
735,0.7158210447388152,0.552326769865742,0.706706702709198
736,0.7190702324418895,0.5525106789469272,0.706706702709198
737,0.7205698575356161,0.5533414358378828,0.706706702709198
738,0.7170707323169208,0.5527220270956078,0.706706702709198
739,0.7208197950512372,0.5517395675495189,0.706706702709198
740,0.7180704823794052,0.5535093934215387,0.706706702709198
741,0.7148212946763309,0.5535327318876095,0.706706702709198
742,0.7190702324418895,0.551913362865119,0.706706702709198
743,0.715071232191952,0.5521003937190904,0.706706702709198
744,0.720319920019995,0.5532866880405667,0.706706702709198
745,0.720319920019995,0.5529547238522725,0.706706702709198
746,0.7185703574106473,0.5525083746858848,0.7167167067527771
747,0.7158210447388152,0.5522811998057086,0.706706702709198
748,0.7175706073481629,0.5531553265319052,0.706706702709198
749,0.7190702324418895,0.552452322141256,0.7167167067527771
750,0.7165708572856786,0.5538164018929168,0.706706702709198
751,0.7198200449887528,0.5526658517365097,0.706706702709198
752,0.7153211697075731,0.5532223083054653,0.7167167067527771
753,0.7185703574106473,0.5521043160354396,0.706706702709198
754,0.7210697325668582,0.5521154252477539,0.706706702709198
755,0.7220694826293427,0.5543407847421881,0.7167167067527771
756,0.7195701074731318,0.5522885702157492,0.706706702709198
757,0.720319920019995,0.5545368947198587,0.706706702709198
758,0.7180704823794052,0.5522819873363607,0.706706702709198
759,0.7235691077230693,0.5529811308104465,0.706706702709198
760,0.7175706073481629,0.5529736348224622,0.7167167067527771
761,0.7188202949262684,0.5516454724334711,0.7167167067527771
762,0.715071232191952,0.5528319413975995,0.706706702709198
763,0.7170707323169208,0.5520913492021368,0.7167167067527771
764,0.7228192951762059,0.5549024888885763,0.706706702709198
765,0.7125718570357411,0.5539755267043377,0.7167167067527771
766,0.715071232191952,0.5535339686132258,0.706706702709198
767,0.7188202949262684,0.55269266289194,0.7167167067527771
768,0.7183204198950263,0.5523322989153463,0.706706702709198
769,0.7145713571607099,0.5528463355543255,0.706706702709198
770,0.7175706073481629,0.5532737401270086,0.706706702709198
771,0.7165708572856786,0.552764645295571,0.706706702709198
772,0.7125718570357411,0.5534819648045952,0.706706702709198
773,0.7173206698325418,0.5515727787815133,0.7167167067527771
774,0.7213196700824793,0.5539139131997949,0.7167167067527771
775,0.7190702324418895,0.5525609695503217,0.7167167067527771
776,0.7155711072231942,0.5522517889507172,0.7167167067527771
777,0.7190702324418895,0.5525219649620218,0.706706702709198
778,0.7173206698325418,0.5527882836991863,0.7167167067527771
779,0.7190702324418895,0.5523198070719194,0.706706702709198
780,0.7183204198950263,0.5541961010442141,0.706706702709198
781,0.723069232691827,0.5533040399492993,0.7167167067527771
782,0.7210697325668582,0.5518563794243547,0.706706702709198
783,0.7140714821294676,0.5533262156927714,0.7167167067527771
784,0.715071232191952,0.5545294696436737,0.7167167067527771
785,0.7158210447388152,0.5529559413006054,0.706706702709198
786,0.7173206698325418,0.5529086913832484,0.7167167067527771
787,0.7193201699575106,0.5551882798494145,0.7167167067527771
788,0.7153211697075731,0.5550318307889697,0.706706702709198
789,0.7175706073481629,0.5526949716520083,0.706706702709198
790,0.7190702324418895,0.5529318916532464,0.706706702709198
791,0.7210697325668582,0.5522176709302632,0.706706702709198
792,0.7193201699575106,0.5517732805086654,0.706706702709198
793,0.7175706073481629,0.5527478732546697,0.706706702709198
794,0.715071232191952,0.5531768029226538,0.7167167067527771
795,0.7145713571607099,0.5535407207498428,0.706706702709198
796,0.7195701074731318,0.5522535248968906,0.7167167067527771
797,0.7148212946763309,0.5527598265408575,0.706706702709198
798,0.7193201699575106,0.5526128064331726,0.7167167067527771
799,0.7190702324418895,0.5534009806843466,0.706706702709198
800,0.7140714821294676,0.5537055902736123,0.706706702709198
801,0.7200699825043739,0.5519124757823453,0.706706702709198
802,0.7173206698325418,0.5528429491136766,0.706706702709198
803,0.7185703574106473,0.5526155649468589,0.7167167067527771
804,0.7205698575356161,0.5527503014623866,0.706706702709198
805,0.7180704823794052,0.5520521044373602,0.7167167067527771
806,0.7153211697075731,0.5532739263300716,0.7167167067527771
807,0.7200699825043739,0.5519804952294193,0.7167167067527771
808,0.7168207948012997,0.5524780879286462,0.7167167067527771
809,0.715071232191952,0.5523313877583146,0.7167167067527771
810,0.7163209197700575,0.5534850943836382,0.7167167067527771
811,0.7183204198950263,0.5533086937595921,0.7167167067527771
812,0.7208197950512372,0.5538508651167773,0.706706702709198
813,0.7213196700824793,0.552457837783167,0.706706702709198
814,0.7188202949262684,0.5527093285949372,0.706706702709198
815,0.7198200449887528,0.552143044708312,0.706706702709198
816,0.7188202949262684,0.5546044855080852,0.706706702709198
817,0.7193201699575106,0.5528997823733802,0.706706702709198
818,0.7168207948012997,0.5535936916181369,0.706706702709198
819,0.7165708572856786,0.552029406330163,0.7167167067527771
820,0.7198200449887528,0.5529859795983927,0.7167167067527771
821,0.7183204198950263,0.5527785279785982,0.706706702709198
822,0.7168207948012997,0.5562031469295038,0.7167167067527771
823,0.7190702324418895,0.5534606024760719,0.7167167067527771
824,0.7208197950512372,0.5541384831514099,0.7167167067527771
825,0.7195701074731318,0.5530309093889372,0.706706702709198
826,0.7238190452386903,0.5521310345288128,0.706706702709198
827,0.7138215446138465,0.5532945869148329,0.7167167067527771
828,0.7173206698325418,0.5538939698372326,0.706706702709198
829,0.7140714821294676,0.5531018837128124,0.706706702709198
830,0.7168207948012997,0.5531809802682243,0.706706702709198
831,0.7160709822544364,0.5528037518270312,0.706706702709198
832,0.7213196700824793,0.5533082244158447,0.7167167067527771
833,0.7225693576605848,0.5531441260355469,0.706706702709198
834,0.7163209197700575,0.5532590185395183,0.7167167067527771
835,0.7220694826293427,0.5520831353513637,0.706706702709198
836,0.7170707323169208,0.5518861971208973,0.7167167067527771
837,0.7193201699575106,0.5522869293152228,0.7167167067527771
838,0.7175706073481629,0.556362319293543,0.7167167067527771
839,0.7193201699575106,0.5551253591171356,0.7167167067527771
840,0.7153211697075731,0.5525109705642532,0.7167167067527771
841,0.7208197950512372,0.5532989448173378,0.7167167067527771
842,0.7193201699575106,0.5534445225104961,0.7167167067527771
843,0.7183204198950263,0.5528557120457616,0.7167167067527771
844,0.7193201699575106,0.5512938951960328,0.706706702709198
845,0.7138215446138465,0.5532655382239797,0.706706702709198
846,0.7220694826293427,0.5521582844286553,0.7167167067527771
847,0.7140714821294676,0.5531738844551881,0.706706702709198
848,0.7208197950512372,0.5524545034388547,0.706706702709198
849,0.7143214196450888,0.5527202572801119,0.7167167067527771
850,0.7195701074731318,0.5534235785615889,0.7167167067527771
851,0.7183204198950263,0.5525288981844324,0.706706702709198
852,0.7188202949262684,0.5521419129649331,0.706706702709198
853,0.7165708572856786,0.5524218591324421,0.706706702709198
854,0.7170707323169208,0.5524071166885403,0.7167167067527771
855,0.7213196700824793,0.5540594639732849,0.706706702709198
856,0.7260684828792802,0.5534478294584222,0.7167167067527771
857,0.7188202949262684,0.5520596780707854,0.706706702709198
858,0.7143214196450888,0.5524024612097346,0.706706702709198
859,0.7178205448637841,0.5523700574969268,0.7167167067527771
860,0.7165708572856786,0.5530220177196854,0.7167167067527771
861,0.7198200449887528,0.5526541668127489,0.706706702709198
862,0.7123219195201199,0.5548624921756755,0.7167167067527771
863,0.7130717320669833,0.5529664533342667,0.706706702709198
864,0.7193201699575106,0.553450427943842,0.7167167067527771
865,0.7165708572856786,0.5535769165530559,0.7167167067527771
866,0.7163209197700575,0.5521617961567481,0.7167167067527771
867,0.7135716070982254,0.5529612995213016,0.706706702709198
868,0.7155711072231942,0.5526653847912495,0.706706702709198
869,0.7143214196450888,0.5525913396885144,0.7167167067527771
870,0.7205698575356161,0.5554274678140901,0.706706702709198
871,0.7190702324418895,0.5522938443404143,0.7167167067527771
872,0.7225693576605848,0.552455634616131,0.706706702709198
873,0.7175706073481629,0.5531279627784018,0.706706702709198
874,0.7170707323169208,0.5537297361584134,0.7167167067527771
875,0.7173206698325418,0.5526351808935546,0.7167167067527771
876,0.7225693576605848,0.5526972513620748,0.706706702709198
877,0.7133216695826043,0.5532809604677192,0.706706702709198
878,0.715071232191952,0.5518262843822307,0.706706702709198
879,0.7215696075981005,0.5528878629490662,0.706706702709198
880,0.7120719820044988,0.5520629632237612,0.7167167067527771
881,0.7175706073481629,0.5532365304563857,0.706706702709198
882,0.7168207948012997,0.5527107312631023,0.7167167067527771
883,0.7195701074731318,0.5552696214113138,0.7167167067527771
884,0.7195701074731318,0.553264066133759,0.706706702709198
885,0.7153211697075731,0.5521292895026518,0.706706702709198
886,0.7170707323169208,0.5549950300976801,0.706706702709198
887,0.7145713571607099,0.5526504928515691,0.706706702709198
888,0.7193201699575106,0.552602501771832,0.706706702709198
889,0.7140714821294676,0.552071135421301,0.7167167067527771
890,0.7228192951762059,0.5525719487527048,0.7167167067527771
891,0.7208197950512372,0.552402516166379,0.706706702709198
892,0.7165708572856786,0.5528838353525308,0.706706702709198
893,0.7120719820044988,0.553520315507149,0.706706702709198
894,0.7180704823794052,0.5530775749096422,0.706706702709198
895,0.7163209197700575,0.553053704269884,0.7167167067527771
896,0.7178205448637841,0.5530587885490629,0.706706702709198
897,0.7148212946763309,0.5529487006695859,0.7167167067527771
898,0.7158210447388152,0.5546565911481453,0.706706702709198
899,0.7158210447388152,0.5528540600540935,0.7167167067527771
900,0.7168207948012997,0.5519383369431261,0.7167167067527771
901,0.7218195451137216,0.5517065862481876,0.706706702709198
902,0.7175706073481629,0.5540654013765303,0.706706702709198
903,0.7130717320669833,0.5521053792878527,0.706706702709198
904,0.715071232191952,0.5529903864687724,0.7167167067527771
905,0.7218195451137216,0.5522575984445699,0.706706702709198
906,0.7165708572856786,0.5542037888218003,0.7167167067527771
907,0.7180704823794052,0.5527362137012439,0.706706702709198
908,0.7180704823794052,0.5523238799864577,0.7167167067527771
909,0.7195701074731318,0.5519445950062506,0.706706702709198
910,0.7198200449887528,0.552304362288358,0.706706702709198
911,0.7208197950512372,0.553313480097483,0.706706702709198
912,0.7153211697075731,0.5521925948197113,0.7167167067527771
913,0.7173206698325418,0.5549275377517162,0.706706702709198
914,0.7180704823794052,0.5535992417625116,0.706706702709198
915,0.7140714821294676,0.5523401752348931,0.706706702709198
916,0.7205698575356161,0.5543596144915521,0.7167167067527771
917,0.7178205448637841,0.5537673798062688,0.7167167067527771
918,0.7200699825043739,0.5527454576203895,0.7167167067527771
919,0.7180704823794052,0.5517979331446778,0.706706702709198
920,0.7140714821294676,0.5535413070608156,0.706706702709198
921,0.7193201699575106,0.5522450440617032,0.706706702709198
922,0.7160709822544364,0.5517367420867514,0.7167167067527771
923,0.7200699825043739,0.5534737411513087,0.7167167067527771
924,0.7190702324418895,0.5535130575429615,0.706706702709198
925,0.7195701074731318,0.5541687981988811,0.706706702709198
926,0.7170707323169208,0.5520912709012088,0.7167167067527771
927,0.7188202949262684,0.5530913432846365,0.7167167067527771
928,0.7138215446138465,0.5529231909244425,0.7167167067527771
929,0.7198200449887528,0.5527991815317693,0.706706702709198
930,0.7173206698325418,0.5521692991465278,0.706706702709198
931,0.7158210447388152,0.5520141651647683,0.7167167067527771
932,0.7153211697075731,0.5534611224413097,0.706706702709198
933,0.7175706073481629,0.552233568208571,0.706706702709198
934,0.715071232191952,0.5518499484094374,0.706706702709198
935,0.7128217945513622,0.5521197915524133,0.7167167067527771
936,0.7178205448637841,0.5523323094031418,0.7167167067527771
937,0.7158210447388152,0.5531123453931373,0.7167167067527771
938,0.7190702324418895,0.5530244423520174,0.7167167067527771
939,0.7210697325668582,0.5550083533596081,0.706706702709198
940,0.7140714821294676,0.5543474795013271,0.7167167067527771
941,0.7183204198950263,0.5527534361810453,0.7167167067527771
942,0.7168207948012997,0.5537608437346268,0.706706702709198
943,0.7195701074731318,0.5528650034281409,0.706706702709198
944,0.7253186703324169,0.551557246833049,0.706706702709198
945,0.7208197950512372,0.5526332706101267,0.7167167067527771
946,0.7170707323169208,0.5523712240258207,0.7167167067527771
947,0.7155711072231942,0.5528523784910134,0.7167167067527771
948,0.7175706073481629,0.5519336432226001,0.7167167067527771
949,0.7148212946763309,0.5524675323721231,0.7167167067527771
950,0.7163209197700575,0.5525495476706033,0.7167167067527771
951,0.7158210447388152,0.5527141850327171,0.706706702709198
952,0.7208197950512372,0.5521694875842064,0.706706702709198
953,0.7235691077230693,0.5522314060392811,0.706706702709198
954,0.7168207948012997,0.5529416275155512,0.706706702709198
955,0.7135716070982254,0.5548214603888634,0.7167167067527771
956,0.7198200449887528,0.5529545103124129,0.706706702709198
957,0.7185703574106473,0.5532512230981561,0.706706702709198
958,0.7243189202699325,0.5522633840876262,0.7167167067527771
959,0.7175706073481629,0.5523136668996613,0.7167167067527771
960,0.7158210447388152,0.5536750586472043,0.7167167067527771
961,0.7198200449887528,0.5536055912437572,0.706706702709198
962,0.7180704823794052,0.5523139285507932,0.706706702709198
963,0.7153211697075731,0.5536736808577587,0.706706702709198
964,0.7160709822544364,0.5535792302292784,0.706706702709198
965,0.723069232691827,0.5530629666767487,0.706706702709198
966,0.7190702324418895,0.5545537619851763,0.7167167067527771
967,0.7210697325668582,0.5531556013523713,0.706706702709198
968,0.7130717320669833,0.5522645635474953,0.706706702709198
969,0.715071232191952,0.5531778591956177,0.7167167067527771
970,0.7188202949262684,0.5520743678373505,0.706706702709198
971,0.7165708572856786,0.5526833085976848,0.7167167067527771
972,0.7168207948012997,0.5533503461438279,0.7167167067527771
973,0.7160709822544364,0.5533689189124066,0.7167167067527771
974,0.7183204198950263,0.5528840894134186,0.7167167067527771
975,0.7195701074731318,0.5516776411541102,0.7167167067527771
976,0.715071232191952,0.552347670150262,0.7167167067527771
977,0.7148212946763309,0.5536395396792391,0.7167167067527771
978,0.7145713571607099,0.552953113930966,0.706706702709198
979,0.7145713571607099,0.5518915040348208,0.7167167067527771
980,0.7178205448637841,0.5539179844905125,0.7167167067527771
981,0.715071232191952,0.5540487573344062,0.7167167067527771
982,0.7175706073481629,0.5520263602512534,0.706706702709198
983,0.7140714821294676,0.5526117757391078,0.706706702709198
984,0.7185703574106473,0.5526026269400963,0.7167167067527771
985,0.7140714821294676,0.5527972946298686,0.706706702709198
986,0.7175706073481629,0.5527362700731449,0.706706702709198
987,0.7130717320669833,0.5519193797461899,0.7167167067527771
988,0.7188202949262684,0.5541490164437135,0.706706702709198
989,0.7158210447388152,0.5536752735874231,0.7167167067527771
990,0.7185703574106473,0.5570706479461811,0.706706702709198
991,0.7180704823794052,0.553075472925997,0.7167167067527771
992,0.7123219195201199,0.5527025358255611,0.706706702709198
993,0.7190702324418895,0.5531250577931165,0.7167167067527771
994,0.7195701074731318,0.5532650903921311,0.7167167067527771
995,0.7155711072231942,0.5536983961076982,0.7167167067527771
996,0.723069232691827,0.5523472236442852,0.706706702709198
997,0.7155711072231942,0.5531215491189982,0.7167167067527771
998,0.7183204198950263,0.5521746795644047,0.7167167067527771
999,0.715071232191952,0.5519925085075853,0.706706702709198
