,acc,loss,norm/attention_head.w_q.weight,norm/attention_head.w_k.weight,norm/attention_head.w_v.weight,norm/attention_head.w_o.weight,norm/unembedding.weight,eval_acc,-0.25_eval_acc,-0.50_eval_acc,1.00_eval_acc,lr
0,0.37,1.0807886012395223,0.0020029451698064804,0.0017093635397031903,0.04663940146565437,0.05112023279070854,0.5214996337890625,0.2849999964237213,1.0,1.0,0.06700000166893005,0.01
1,0.37166666666666665,1.0223383585611978,0.0026095411740243435,0.00273150741122663,0.07711559534072876,0.06211547553539276,0.5247297286987305,0.5874999761581421,0.18300001323223114,0.17800000309944153,0.784000039100647,0.01
2,0.5866666666666667,0.9660249098141989,0.004461865406483412,0.004667745437473059,0.10058281570672989,0.07679519802331924,0.4525882303714752,0.7149999737739563,0.0,0.0,0.9330000281333923,0.01
3,0.63,0.9056523426373799,0.008432994596660137,0.007508529350161552,0.13450394570827484,0.0965164452791214,0.42771679162979126,0.7149999737739563,0.0,0.0,0.9330000281333923,0.01
4,0.63,0.8444412716229757,0.00916601624339819,0.007439164444804192,0.12490002065896988,0.09373115003108978,0.31487831473350525,0.7149999737739563,0.0,0.0,0.9330000281333923,0.01
5,0.63,0.7877018253008524,0.008227532729506493,0.0062666828744113445,0.08480103313922882,0.07351605594158173,0.2208797186613083,0.7149999737739563,0.0,0.0,0.9330000281333923,0.01
6,0.63,0.7436698627471924,0.007773134857416153,0.005412990693002939,0.03308026120066643,0.05553380399942398,0.2398032248020172,0.7149999737739563,0.0,0.0,0.9330000281333923,0.01
7,0.63,0.7131090331077575,0.00401768833398819,0.0032723902259021997,0.020838109776377678,0.055873651057481766,0.2900350093841553,0.7149999737739563,0.0,0.0,0.9330000281333923,0.01
8,0.63,0.6903535238901775,0.00596648408100009,0.004062457475811243,0.026530304923653603,0.02893655374646187,0.09595219045877457,0.7149999737739563,0.0,0.0,0.9330000281333923,0.01
9,0.63,0.6719451649983724,0.006211372092366219,0.0041069453582167625,0.021983634680509567,0.02098405547440052,0.06229563429951668,0.7149999737739563,0.0,0.0,0.9330000281333923,0.01
10,0.63,0.6657949074109395,0.004821720998734236,0.003104280913248658,0.020832115784287453,0.01635926589369774,0.05110866576433182,0.7149999737739563,0.0,0.0,0.9330000281333923,0.01
11,0.63,0.663317924340566,0.0039820619858801365,0.003106324467808008,0.011662648990750313,0.017188476398587227,0.09665260463953018,0.7149999737739563,0.0,0.0,0.9330000281333923,0.01
12,0.63,0.6564728093147277,0.005169484298676252,0.0044800047762691975,0.01796872913837433,0.0073100607842206955,0.02500130981206894,0.7149999737739563,0.0,0.0,0.9330000281333923,0.01
13,0.63,0.654148960908254,0.0058441380970180035,0.004875754937529564,0.023374874144792557,0.012633672915399075,0.08921568840742111,0.7149999737739563,0.0,0.0,0.9330000281333923,0.01
14,0.63,0.6530002156893412,0.009866500273346901,0.006269837263971567,0.05645451322197914,0.08998338878154755,0.5031294822692871,0.7149999737739563,0.0,0.0,0.9330000281333923,0.01
15,0.63,0.6484297092755635,0.0059914663434028625,0.005949152633547783,0.02626667730510235,0.010790928266942501,0.08124863356351852,0.7149999737739563,0.0,0.0,0.9330000281333923,0.01
16,0.63,0.6454142498970031,0.0056871073320508,0.007023266516625881,0.02727808803319931,0.008237550035119057,0.041413601487874985,0.7149999737739563,0.0,0.0,0.9330000281333923,0.01
17,0.63,0.6418456021944682,0.002893560566008091,0.009443123824894428,0.03737280145287514,0.029165321961045265,0.18532851338386536,0.7149999737739563,0.0,0.0,0.9330000281333923,0.01
18,0.63,0.6373808066050212,0.014848684892058372,0.011388345621526241,0.07460157573223114,0.11922825872898102,0.6391988396644592,0.7149999737739563,0.0,0.0,0.9330000281333923,0.01
19,0.63,0.6331090021133423,0.004474647808820009,0.021222788840532303,0.09532853215932846,0.09576797485351562,0.5270095467567444,0.7149999737739563,0.0,0.0,0.9330000281333923,0.01
20,0.63,0.6222847485542298,0.006192753557115793,0.01731254532933235,0.03957555443048477,0.009033316746354103,0.06014884635806084,0.7149999737739563,0.0,0.0,0.9330000281333923,0.01
21,0.63,0.6120842385292053,0.01368009764701128,0.014924446120858192,0.04401630163192749,0.05537254363298416,0.2507540285587311,0.7149999737739563,0.0,0.0,0.9330000281333923,0.01
22,0.63,0.5975877825419108,0.018952757120132446,0.030099114403128624,0.06871441006660461,0.057238463312387466,0.24120759963989258,0.7149999737739563,0.003000000026077032,0.003000000026077032,0.9310000538825989,0.01
23,0.6366666666666667,0.5805061419804891,0.011713789775967598,0.04903425648808479,0.11129437386989594,0.036631908267736435,0.20051445066928864,0.7249999642372131,0.01900000125169754,0.02500000037252903,0.9200000166893005,0.01
24,0.6783333333333333,0.5605911978085836,0.005969532765448093,0.03254411369562149,0.0623784177005291,0.02307560108602047,0.09158394485712051,0.7699999809265137,0.09100000560283661,0.09300000220537186,0.8550000190734863,0.01
25,0.7333333333333333,0.5346029539903004,0.0072229537181556225,0.03221379965543747,0.08123338967561722,0.1004369854927063,0.3485777974128723,0.8149999976158142,0.1850000023841858,0.1940000057220459,0.7680000066757202,0.01
26,0.7966666666666666,0.5072490290800731,0.026883764192461967,0.05289287865161896,0.12680992484092712,0.15412713587284088,0.4955931603908539,0.8224999904632568,0.2510000169277191,0.2330000102519989,0.7330000400543213,0.01
27,0.8,0.4814736501375834,0.01570875011384487,0.12029154598712921,0.21434363722801208,0.05915073677897453,0.2418098896741867,0.7949999570846558,0.3050000071525574,0.2850000262260437,0.6730000376701355,0.01
28,0.795,0.45997632026672364,0.03250553831458092,0.08546052873134613,0.07533179968595505,0.015733353793621063,0.034962356090545654,0.7899999618530273,0.33800002932548523,0.31800001859664917,0.6490000486373901,0.01
29,0.79,0.4395748392740885,0.03264135122299194,0.06569021940231323,0.06819666922092438,0.017436420544981956,0.05209967494010925,0.7924999594688416,0.31700000166893005,0.30400002002716064,0.6630000472068787,0.01
30,0.7983333333333333,0.424607838789622,0.05992864444851875,0.1289258897304535,0.14250025153160095,0.07242287695407867,0.18140706419944763,0.79749995470047,0.3100000023841858,0.2990000247955322,0.6690000295639038,0.01
31,0.8183333333333334,0.40590182662010194,0.03301505371928215,0.09370394051074982,0.12369552254676819,0.05223003029823303,0.12027329951524734,0.8199999928474426,0.30400002002716064,0.28700000047683716,0.6940000057220459,0.01
32,0.83,0.3943277291456858,0.02315445989370346,0.0682075247168541,0.06456489861011505,0.03240582346916199,0.07038502395153046,0.8224999904632568,0.29500001668930054,0.281000018119812,0.7010000348091125,0.01
33,0.8316666666666667,0.3906191162268321,0.009024440310895443,0.03296880051493645,0.038609474897384644,0.010467583313584328,0.021234948188066483,0.8149999976158142,0.3100000023841858,0.29500001668930054,0.6920000314712524,0.01
34,0.845,0.37974507768948873,0.015070217661559582,0.043029531836509705,0.076161690056324,0.02662627212703228,0.05105336755514145,0.8100000023841858,0.38700002431869507,0.36900001764297485,0.6390000581741333,0.01
35,0.8366666666666667,0.37409027775128684,0.08957338333129883,0.2666555643081665,0.399472713470459,0.20586858689785004,0.4230051636695862,0.8100000023841858,0.3790000081062317,0.3660000264644623,0.64000004529953,0.01
36,0.85,0.36088279803593953,0.020054584369063377,0.1097709909081459,0.2652255594730377,0.10404013097286224,0.19830544292926788,0.8399999737739563,0.2930000126361847,0.28300002217292786,0.7220000624656677,0.01
37,0.8566666666666667,0.35087111115455627,0.04113852605223656,0.10341240465641022,0.16750402748584747,0.06430160999298096,0.12459096312522888,0.8199999928474426,0.3540000021457672,0.3460000157356262,0.6720000505447388,0.01
38,0.86,0.33455140868822736,0.04669617861509323,0.06637662649154663,0.05919516086578369,0.022710610181093216,0.04327347129583359,0.7999999523162842,0.3750000298023224,0.3750000298023224,0.6440000534057617,0.01
39,0.8633333333333333,0.32261603633562724,0.020239045843482018,0.07396306842565536,0.08551071584224701,0.039883289486169815,0.07230164855718613,0.8499999642372131,0.32600000500679016,0.33400002121925354,0.6980000138282776,0.01
40,0.8683333333333333,0.30588518222173056,0.03599204868078232,0.11149207502603531,0.38660627603530884,0.15314723551273346,0.26511865854263306,0.8549999594688416,0.31700000166893005,0.31200000643730164,0.7120000123977661,0.01
41,0.8733333333333333,0.2904211672147115,0.05278700217604637,0.09547653794288635,0.21176545321941376,0.11607708781957626,0.20343783497810364,0.8549999594688416,0.3570000231266022,0.3530000150203705,0.6850000619888306,0.01
42,0.875,0.2744438678026199,0.016003523021936417,0.09652682393789291,0.19324710965156555,0.1225890964269638,0.21472999453544617,0.8774999976158142,0.31800001859664917,0.3270000219345093,0.7080000042915344,0.01
43,0.88,0.26094166497389476,0.0262669175863266,0.12389127910137177,0.19991247355937958,0.11195702850818634,0.18640166521072388,0.8774999976158142,0.30100002884864807,0.3160000145435333,0.7330000400543213,0.01
44,0.875,0.25207643111546835,0.06944222003221512,0.1761627197265625,0.413563072681427,0.14759863913059235,0.20971350371837616,0.8700000047683716,0.3400000035762787,0.35100001096725464,0.6920000314712524,0.01
45,0.8916666666666667,0.2378837909301122,0.009764657355844975,0.08281529694795609,0.14271105825901031,0.08229899406433105,0.12990352511405945,0.8824999928474426,0.37800002098083496,0.3840000033378601,0.6640000343322754,0.01
46,0.91,0.22979926466941833,0.017848899587988853,0.11500874906778336,0.24748601019382477,0.07775253057479858,0.10102742165327072,0.9024999737739563,0.33500000834465027,0.359000027179718,0.7020000219345093,0.01
47,0.905,0.2141865062713623,0.02030070871114731,0.11134696006774902,0.19137638807296753,0.05499572679400444,0.06614234298467636,0.9099999666213989,0.328000009059906,0.34300002455711365,0.7050000429153442,0.01
48,0.915,0.20143888334433238,0.04476332291960716,0.15495871007442474,0.4287217855453491,0.14396518468856812,0.1757858693599701,0.9049999713897705,0.34700000286102295,0.3570000231266022,0.687000036239624,0.01
49,0.935,0.1891655602057775,0.010745841078460217,0.048337873071432114,0.09290526807308197,0.030357537791132927,0.04348599910736084,0.9274999499320984,0.3460000157356262,0.3540000021457672,0.6950000524520874,0.01
50,0.9416666666666667,0.17573214292526246,0.04997885227203369,0.08344927430152893,0.1787685602903366,0.04097674787044525,0.043466322124004364,0.9399999976158142,0.3240000009536743,0.32200002670288086,0.7190000414848328,0.01
51,0.9583333333333334,0.16646390159924826,0.10749167203903198,0.09169169515371323,0.2285946011543274,0.071986123919487,0.07888626307249069,0.9474999904632568,0.3500000238418579,0.35100001096725464,0.7010000348091125,0.01
52,0.9666666666666667,0.1554054166873296,0.15083393454551697,0.13717679679393768,0.4176851809024811,0.12988154590129852,0.13932834565639496,0.9449999928474426,0.367000013589859,0.3680000305175781,0.6860000491142273,0.01
53,0.9716666666666667,0.1470112324754397,0.16980129480361938,0.11500979214906693,0.2946707308292389,0.09041490405797958,0.09331945329904556,0.9524999856948853,0.3580000102519989,0.35200002789497375,0.7010000348091125,0.01
54,0.975,0.13473347584406534,0.2058820277452469,0.14874066412448883,0.41058486700057983,0.12829330563545227,0.1285715401172638,0.9449999928474426,0.3680000305175781,0.36000001430511475,0.6920000314712524,0.01
55,0.9733333333333334,0.12671881407499314,0.08787735551595688,0.07083411514759064,0.15707479417324066,0.04865391179919243,0.050433456897735596,0.9549999833106995,0.35200002789497375,0.35100001096725464,0.7040000557899475,0.01
56,0.975,0.11671377738316854,0.013069283217191696,0.05321108549833298,0.20358476042747498,0.056077487766742706,0.05285320430994034,0.9674999713897705,0.34800001978874207,0.34200000762939453,0.7110000252723694,0.01
57,0.9733333333333334,0.10945032070080439,0.12578924000263214,0.14330518245697021,0.2726200819015503,0.0923864096403122,0.09879597276449203,0.9699999690055847,0.34300002455711365,0.33900001645088196,0.718000054359436,0.01
58,0.98,0.10248943964640299,0.026194512844085693,0.11663243174552917,0.25464412569999695,0.06041479855775833,0.053825002163648605,0.9674999713897705,0.35200002789497375,0.3460000157356262,0.706000030040741,0.01
59,0.9816666666666667,0.09614618182182312,0.2376108318567276,0.17199398577213287,0.285678505897522,0.09197087585926056,0.09431970119476318,0.9774999618530273,0.3410000205039978,0.3370000123977661,0.7210000157356262,0.01
60,0.9883333333333333,0.09184573968251546,0.22132974863052368,0.11683077365159988,0.2436378002166748,0.06773551553487778,0.05976799875497818,0.9724999666213989,0.3580000102519989,0.3580000102519989,0.706000030040741,0.01
61,0.9833333333333333,0.0867941125233968,0.10682988166809082,0.074258953332901,0.06942784786224365,0.021738816052675247,0.03174795210361481,0.9774999618530273,0.3530000150203705,0.3500000238418579,0.7120000123977661,0.01
62,0.9983333333333333,0.07895599881807963,0.047203999012708664,0.11941920965909958,0.20210587978363037,0.05592408403754234,0.04595767706632614,0.9824999570846558,0.3400000035762787,0.33900001645088196,0.7210000157356262,0.01
63,0.9966666666666667,0.0754767906665802,0.020334947854280472,0.07647524774074554,0.07071541249752045,0.019020941108465195,0.02481730841100216,0.9774999618530273,0.35200002789497375,0.3490000069141388,0.7080000042915344,0.01
64,0.9983333333333333,0.07096334725618363,0.6250863671302795,0.3184720575809479,0.5320730805397034,0.15488870441913605,0.13851191103458405,0.9950000047683716,0.3240000009536743,0.32200002670288086,0.7300000190734863,0.01
65,0.9916666666666667,0.07379938513040543,0.12465275079011917,0.09926310926675797,0.15931859612464905,0.041148822754621506,0.03588203713297844,0.9774999618530273,0.3540000021457672,0.35100001096725464,0.7080000042915344,0.01
66,0.995,0.0685216165582339,0.5420505404472351,0.3493131697177887,0.7172926664352417,0.20083631575107574,0.17025165259838104,1.0,0.33500000834465027,0.3370000123977661,0.7170000076293945,0.01
67,0.99,0.0723121922214826,0.5365464687347412,0.26997578144073486,0.38030314445495605,0.09319387376308441,0.07452124357223511,0.9925000071525574,0.35200002789497375,0.34800001978874207,0.7120000123977661,0.01
68,0.9833333333333333,0.06789750218391419,0.30207619071006775,0.24647320806980133,0.46143728494644165,0.12787103652954102,0.10578862577676773,0.98499995470047,0.35100001096725464,0.34800001978874207,0.7150000333786011,0.01
69,0.9916666666666667,0.06372617195049922,0.6535791158676147,0.4681413173675537,1.0183414220809937,0.26169484853744507,0.1998400241136551,1.0,0.3400000035762787,0.34200000762939453,0.7150000333786011,0.01
70,0.99,0.05933066060145696,0.3752436935901642,0.20670324563980103,0.290360689163208,0.08168171346187592,0.06854892522096634,0.9624999761581421,0.3680000305175781,0.36500000953674316,0.6940000057220459,0.01
71,0.9933333333333333,0.05392627581954002,0.14067797362804413,0.08576549589633942,0.16757844388484955,0.039177700877189636,0.030295109376311302,0.9925000071525574,0.32100000977516174,0.32200002670288086,0.7290000319480896,0.01
72,0.99,0.056462230533361434,0.19827266037464142,0.1605762094259262,0.2778605818748474,0.07507573813199997,0.06105789169669151,0.9799999594688416,0.3530000150203705,0.3500000238418579,0.7090000510215759,0.01
73,0.995,0.05172595317165057,0.3014269769191742,0.26337677240371704,0.46628913283348083,0.11643238365650177,0.09127967059612274,1.0,0.3400000035762787,0.3440000116825104,0.7190000414848328,0.01
74,1.0,0.049041190048058826,0.3157723844051361,0.2918491065502167,0.6268934607505798,0.1550026834011078,0.11080890893936157,1.0,0.3400000035762787,0.34200000762939453,0.7170000076293945,0.01
75,0.9983333333333333,0.04636300310492516,0.23214876651763916,0.20315203070640564,0.34897562861442566,0.08893844485282898,0.06917344778776169,0.9824999570846558,0.34800001978874207,0.3490000069141388,0.7090000510215759,0.01
76,0.9983333333333333,0.04488771736621857,0.2721567153930664,0.1780492216348648,0.3095364272594452,0.07498277723789215,0.05313320830464363,1.0,0.3370000123977661,0.3400000035762787,0.7210000157356262,0.01
77,1.0,0.04331557631492615,0.11082523316144943,0.15760008990764618,0.3244841992855072,0.07804074138402939,0.052949946373701096,0.9824999570846558,0.34800001978874207,0.3490000069141388,0.7090000510215759,0.01
78,0.9966666666666667,0.046752947717905044,0.10674817115068436,0.07007540017366409,0.10244180262088776,0.0234534814953804,0.020747436210513115,1.0,0.3400000035762787,0.34200000762939453,0.7170000076293945,0.01
79,1.0,0.042420185407002764,0.6043301820755005,0.45685550570487976,0.9093983173370361,0.21672627329826355,0.14921130239963531,1.0,0.3400000035762787,0.34200000762939453,0.7170000076293945,0.01
80,0.9966666666666667,0.041658200472593304,0.37109023332595825,0.24560320377349854,0.4202081263065338,0.10404456406831741,0.07712046056985855,0.9950000047683716,0.3450000286102295,0.3460000157356262,0.7140000462532043,0.01
81,1.0,0.03636287214855353,0.10767630487680435,0.07417123764753342,0.051893509924411774,0.011387131176888943,0.012898256070911884,0.9975000023841858,0.3360000252723694,0.3370000123977661,0.718000054359436,0.01
82,1.0,0.04182239587108294,0.19572678208351135,0.21205322444438934,0.4104202091693878,0.09810694307088852,0.07079394161701202,0.9950000047683716,0.3450000286102295,0.3460000157356262,0.7140000462532043,0.01
83,1.0,0.03643394793073336,0.15360192954540253,0.19129043817520142,0.3723507225513458,0.08345293998718262,0.05412828549742699,1.0,0.3400000035762787,0.34200000762939453,0.7170000076293945,0.01
84,1.0,0.033829424132903414,0.42406776547431946,0.2828627824783325,0.4579859673976898,0.1065700426697731,0.07666580379009247,1.0,0.3400000035762787,0.34200000762939453,0.7170000076293945,0.01
85,1.0,0.034531292816003166,0.269827276468277,0.21162822842597961,0.3537256419658661,0.0803770124912262,0.05234033241868019,1.0,0.3400000035762787,0.34200000762939453,0.7170000076293945,0.01
86,1.0,0.032046194622914,0.305370956659317,0.24217121303081512,0.44515442848205566,0.10459182411432266,0.07167309522628784,1.0,0.3400000035762787,0.34200000762939453,0.7170000076293945,0.01
87,1.0,0.032571849177281065,0.45082521438598633,0.3190063536167145,0.6039915680885315,0.13397416472434998,0.08653207123279572,1.0,0.3400000035762787,0.34200000762939453,0.7170000076293945,0.01
88,1.0,0.030566224207480747,0.27508345246315,0.29399943351745605,0.5657529830932617,0.13139504194259644,0.08746184408664703,1.0,0.3400000035762787,0.34200000762939453,0.7170000076293945,0.01
89,1.0,0.029702690516908964,0.20228834450244904,0.11924517154693604,0.18220490217208862,0.03852356970310211,0.024748777970671654,1.0,0.3400000035762787,0.34200000762939453,0.7170000076293945,0.01
90,1.0,0.029028275236487388,0.03520773723721504,0.076785147190094,0.08961839228868484,0.020837247371673584,0.01703280210494995,1.0,0.3400000035762787,0.34300002455711365,0.7170000076293945,0.01
91,1.0,0.030134733517964682,0.048296842724084854,0.09447085112333298,0.19570890069007874,0.04037466645240784,0.025196027010679245,1.0,0.3400000035762787,0.34200000762939453,0.7170000076293945,0.01
92,1.0,0.02733019712070624,0.28996798396110535,0.20776881277561188,0.37074923515319824,0.08066125959157944,0.05035877227783203,1.0,0.3400000035762787,0.34200000762939453,0.7170000076293945,0.01
93,1.0,0.026321736772855122,0.20998361706733704,0.27761387825012207,0.547664999961853,0.11629468947649002,0.07017209380865097,1.0,0.3400000035762787,0.34300002455711365,0.7170000076293945,0.01
94,1.0,0.026920355409383773,0.07364563643932343,0.07152985036373138,0.14187711477279663,0.03435374051332474,0.027244260534644127,1.0,0.3400000035762787,0.34200000762939453,0.7170000076293945,0.01
95,1.0,0.025300937791665395,0.27231019735336304,0.19747328758239746,0.31124410033226013,0.06759341806173325,0.041165098547935486,1.0,0.3400000035762787,0.34200000762939453,0.7170000076293945,0.01
96,1.0,0.025857935945192975,0.5452684760093689,0.4238343834877014,0.7341545820236206,0.16108126938343048,0.10191983729600906,1.0,0.3400000035762787,0.34200000762939453,0.7170000076293945,0.01
97,1.0,0.024264302179217337,0.2999870181083679,0.2217492014169693,0.35815373063087463,0.07395608723163605,0.044711824506521225,1.0,0.3400000035762787,0.34200000762939453,0.7170000076293945,0.01
98,1.0,0.024307676255702973,0.10315914452075958,0.13477037847042084,0.23009468615055084,0.05092298611998558,0.033106520771980286,1.0,0.3400000035762787,0.34200000762939453,0.7170000076293945,0.01
99,1.0,0.022869279483954112,0.102012038230896,0.08514488488435745,0.14533445239067078,0.03378085792064667,0.025173474103212357,1.0,0.3400000035762787,0.34200000762939453,0.7170000076293945,0.01
100,1.0,0.024013760536909103,0.12801165878772736,0.18591979146003723,0.36690863966941833,0.07702132314443588,0.04443974792957306,1.0,0.3400000035762787,0.34200000762939453,0.7170000076293945,0.01
101,1.0,0.02435212202370167,0.6511412262916565,0.49217575788497925,0.8971941471099854,0.18694287538528442,0.11411212384700775,1.0,0.3400000035762787,0.34200000762939453,0.7170000076293945,0.01
102,1.0,0.0248220061759154,0.28336864709854126,0.2594567537307739,0.464714378118515,0.09688377380371094,0.056027960032224655,1.0,0.3400000035762787,0.34200000762939453,0.7170000076293945,0.01
103,1.0,0.020178578222791354,0.24859440326690674,0.22107918560504913,0.4129185676574707,0.08776858448982239,0.05362851917743683,1.0,0.3400000035762787,0.34200000762939453,0.7170000076293945,0.01
104,1.0,0.023795405651132265,0.2640141546726227,0.2415020614862442,0.4355418384075165,0.09012264013290405,0.051808830350637436,1.0,0.3400000035762787,0.34200000762939453,0.7170000076293945,0.01
105,1.0,0.020167105570435523,0.08010967075824738,0.0917254313826561,0.13045372068881989,0.028636939823627472,0.019163239747285843,1.0,0.3400000035762787,0.34200000762939453,0.7170000076293945,0.01
106,1.0,0.02043156440059344,0.053564976900815964,0.15405961871147156,0.2502351999282837,0.05212702229619026,0.028805643320083618,1.0,0.3400000035762787,0.34200000762939453,0.7170000076293945,0.01
107,1.0,0.01837252842883269,0.21376760303974152,0.19306007027626038,0.37917956709861755,0.07564053684473038,0.042749159038066864,1.0,0.3400000035762787,0.34200000762939453,0.7170000076293945,0.01
108,1.0,0.019007726560036343,0.16028974950313568,0.20386692881584167,0.40473851561546326,0.08277810364961624,0.04945657402276993,1.0,0.3400000035762787,0.34200000762939453,0.7170000076293945,0.01
109,1.0,0.018534412011504173,0.16166925430297852,0.2211582362651825,0.42063388228416443,0.08469932526350021,0.04720083996653557,1.0,0.3400000035762787,0.34200000762939453,0.7170000076293945,0.01
110,1.0,0.017006335059801737,0.1463642716407776,0.1568293571472168,0.23713527619838715,0.04508741572499275,0.0277398694306612,1.0,0.3400000035762787,0.34200000762939453,0.7170000076293945,0.01
111,1.0,0.017523536334435146,0.12503023445606232,0.11079425364732742,0.17664067447185516,0.033063072711229324,0.01882179081439972,1.0,0.3400000035762787,0.34200000762939453,0.7170000076293945,0.01
112,1.0,0.01688025222470363,0.007273017428815365,0.04454462230205536,0.03387878090143204,0.005132012069225311,0.0063260565511882305,1.0,0.3400000035762787,0.34200000762939453,0.7170000076293945,0.01
113,1.0,0.01568048274765412,0.13666927814483643,0.08008227497339249,0.09128362685441971,0.017439350485801697,0.012349606491625309,1.0,0.3400000035762787,0.34200000762939453,0.7170000076293945,0.01
114,1.0,0.015121197092036406,0.025935186073184013,0.060976721346378326,0.0872124433517456,0.01774260215461254,0.010572102852165699,1.0,0.3400000035762787,0.34200000762939453,0.7170000076293945,0.01
115,1.0,0.015373825455705325,0.13710293173789978,0.11320773512125015,0.18462024629116058,0.038287241011857986,0.023307854309678078,1.0,0.3400000035762787,0.34200000762939453,0.7170000076293945,0.01
116,1.0,0.015056976899504661,0.0642499253153801,0.06610244512557983,0.10720352828502655,0.02148163691163063,0.013354557566344738,1.0,0.3400000035762787,0.34200000762939453,0.7170000076293945,0.01
117,1.0,0.01421520885080099,0.10775502771139145,0.08311265707015991,0.1322038173675537,0.0239554513245821,0.01339978538453579,1.0,0.3400000035762787,0.34200000762939453,0.7170000076293945,0.01
118,1.0,0.014150635860860348,0.09077028930187225,0.09549601376056671,0.10270529240369797,0.018758539110422134,0.012687964364886284,1.0,0.3400000035762787,0.34200000762939453,0.7170000076293945,0.01
119,1.0,0.013823666522900263,0.043210044503211975,0.09940431267023087,0.17964842915534973,0.03459407761693001,0.018320636823773384,1.0,0.3400000035762787,0.34200000762939453,0.7170000076293945,0.01
120,1.0,0.013904752743740877,0.15024980902671814,0.11716966331005096,0.18881916999816895,0.03596573323011398,0.021956492215394974,1.0,0.3400000035762787,0.34200000762939453,0.7170000076293945,0.01
121,1.0,0.013979427677889665,0.12191502004861832,0.14742152392864227,0.2701098322868347,0.05282372236251831,0.02787761203944683,1.0,0.3400000035762787,0.34200000762939453,0.7170000076293945,0.01
122,1.0,0.01279051580776771,0.09121803939342499,0.04498130455613136,0.0541691817343235,0.010890709236264229,0.008814187720417976,1.0,0.3400000035762787,0.34200000762939453,0.7170000076293945,0.01
123,1.0,0.012899551764130593,0.1106363832950592,0.08157086372375488,0.1321476250886917,0.025767672806978226,0.013963289558887482,1.0,0.3400000035762787,0.34200000762939453,0.7170000076293945,0.01
124,1.0,0.01254023155818383,0.11128686368465424,0.13977889716625214,0.22602860629558563,0.04371889680624008,0.025164958089590073,1.0,0.3400000035762787,0.34200000762939453,0.7170000076293945,0.01
125,1.0,0.012212605824073157,0.03038175217807293,0.06203392893075943,0.09147535264492035,0.017788466066122055,0.010987773537635803,1.0,0.3400000035762787,0.34200000762939453,0.7170000076293945,0.01
126,1.0,0.01163599414130052,0.09251570701599121,0.04964044317603111,0.037794023752212524,0.005853945389389992,0.005344277247786522,1.0,0.3400000035762787,0.34200000762939453,0.7170000076293945,0.01
127,1.0,0.011475463459889094,0.14345033466815948,0.09010772407054901,0.13636738061904907,0.02537240833044052,0.01374046504497528,1.0,0.3400000035762787,0.34200000762939453,0.7170000076293945,0.01
128,1.0,0.011346723586320877,0.2073506861925125,0.1354237049818039,0.2038680911064148,0.03986255079507828,0.023815443739295006,1.0,0.3400000035762787,0.34200000762939453,0.7170000076293945,0.01
129,1.0,0.011270092514654,0.03097277134656906,0.026029903441667557,0.01708160899579525,0.005569892469793558,0.006906419992446899,1.0,0.3400000035762787,0.34200000762939453,0.7170000076293945,0.01
130,1.0,0.01084107047567765,0.08760065585374832,0.07163915783166885,0.1204606294631958,0.02217072620987892,0.011627738364040852,1.0,0.3400000035762787,0.34200000762939453,0.7170000076293945,0.01
131,1.0,0.010880277181665102,0.04248182103037834,0.06629536300897598,0.07149378210306168,0.013546821661293507,0.010681606829166412,1.0,0.3400000035762787,0.34200000762939453,0.7170000076293945,0.01
132,1.0,0.010396359786391259,0.02074601501226425,0.06397305428981781,0.11780006438493729,0.021261299028992653,0.010890327394008636,1.0,0.3400000035762787,0.34200000762939453,0.7170000076293945,0.01
133,1.0,0.010144556456555922,0.07629253715276718,0.09233925491571426,0.1557728797197342,0.029655832797288895,0.01639540120959282,1.0,0.3400000035762787,0.34200000762939453,0.7170000076293945,0.01
134,1.0,0.01017217875768741,0.0841001570224762,0.12256916612386703,0.2381613850593567,0.04404696077108383,0.022158194333314896,1.0,0.3400000035762787,0.34200000762939453,0.7170000076293945,0.01
135,1.0,0.009744567622741063,0.010804031044244766,0.06133391335606575,0.08697184175252914,0.015367932617664337,0.008268694393336773,1.0,0.3400000035762787,0.34200000762939453,0.7170000076293945,0.01
136,1.0,0.009827375790725151,0.12016401439905167,0.11337582767009735,0.19446736574172974,0.036824703216552734,0.01848764903843403,1.0,0.3400000035762787,0.34200000762939453,0.7170000076293945,0.01
137,1.0,0.009727291638652484,0.1205325499176979,0.1597495973110199,0.28976452350616455,0.05473065748810768,0.02884923852980137,1.0,0.3400000035762787,0.34200000762939453,0.7170000076293945,0.01
138,1.0,0.009612081224719684,0.10813859850168228,0.0998028963804245,0.16663901507854462,0.03025922365486622,0.015437151305377483,1.0,0.3400000035762787,0.34200000762939453,0.7170000076293945,0.01
139,1.0,0.009462437431017557,0.022293120622634888,0.03484947234392166,0.025081001222133636,0.002964921295642853,0.0038531410973519087,1.0,0.3400000035762787,0.34200000762939453,0.7170000076293945,0.01
140,1.0,0.009371834583580494,0.09904712438583374,0.06473612040281296,0.08945004642009735,0.01508339960128069,0.008007438853383064,1.0,0.3400000035762787,0.34200000762939453,0.7170000076293945,0.01
141,1.0,0.008991830026110013,0.12297554314136505,0.08754777908325195,0.12310903519392014,0.022886360064148903,0.013222544454038143,1.0,0.3400000035762787,0.34200000762939453,0.7170000076293945,0.01
142,1.0,0.008631041726718346,0.06165216490626335,0.07055114209651947,0.1162170022726059,0.02179359644651413,0.012328707613050938,1.0,0.3400000035762787,0.34200000762939453,0.7170000076293945,0.01
143,1.0,0.008532747278610866,0.14843176305294037,0.16750936210155487,0.3093052804470062,0.05644458904862404,0.027910934761166573,1.0,0.3400000035762787,0.34200000762939453,0.7170000076293945,0.01
144,1.0,0.00831206635882457,0.034965574741363525,0.062497783452272415,0.1000475287437439,0.018196620047092438,0.008894534781575203,1.0,0.3400000035762787,0.34200000762939453,0.7170000076293945,0.01
145,1.0,0.008408977289994558,0.017300255596637726,0.03038029372692108,0.023121222853660583,0.004114173818379641,0.005090069957077503,1.0,0.3400000035762787,0.34200000762939453,0.7170000076293945,0.01
146,1.0,0.008304676165183385,0.0786777138710022,0.1411655694246292,0.256513774394989,0.04752722010016441,0.024689393118023872,1.0,0.3400000035762787,0.34200000762939453,0.7170000076293945,0.01
147,1.0,0.007865736087163289,0.02105117216706276,0.03759919852018356,0.06805595755577087,0.012326110154390335,0.0066551873460412025,1.0,0.3400000035762787,0.34200000762939453,0.7170000076293945,0.01
148,1.0,0.007808422682185968,0.22621485590934753,0.25747618079185486,0.4727414846420288,0.08663750439882278,0.044454410672187805,1.0,0.3400000035762787,0.34200000762939453,0.7170000076293945,0.01
149,1.0,0.008166721606006224,0.1540491133928299,0.11503960937261581,0.18024097383022308,0.03245832026004791,0.015967272222042084,1.0,0.3400000035762787,0.34200000762939453,0.7170000076293945,0.01
