run_uuid,function_uuid,coeffs,comps,random_seed,min_loss,max_eval_acc,ds_fraction_positive
002aa58d-8a2b-46cd-a1e1-a10427881b6a,acb50e3d-5b7b-4f88-9a19-65215dade751,"[-0.8604427576065063, 0.8373308181762695, 0.814276933670044, -0.821841835975647]","[[0.0, 0.0, 1.0, 0.0, 1.0, 1.0, 1.0, 0.0, 1.0, 0.0], [1.0, 1.0, 0.0, 1.0, 1.0, 1.0, 1.0, 0.0, 1.0, 1.0], [1.0, 0.0, 0.0, 0.0, 0.0, 1.0, 0.0, 1.0, 0.0, 1.0], [1.0, 0.0, 1.0, 1.0, 0.0, 1.0, 1.0, 0.0, 1.0, 1.0]]",875856,0.008850869040936231,0.9900000691413879,0.382999986410141
81c8a09c-84ab-47ae-a016-f013ef6ebd0d,acb50e3d-5b7b-4f88-9a19-65215dade751,"[-0.8604427576065063, 0.8373308181762695, 0.814276933670044, -0.821841835975647]","[[0.0, 0.0, 1.0, 0.0, 1.0, 1.0, 1.0, 0.0, 1.0, 0.0], [1.0, 1.0, 0.0, 1.0, 1.0, 1.0, 1.0, 0.0, 1.0, 1.0], [1.0, 0.0, 0.0, 0.0, 0.0, 1.0, 0.0, 1.0, 0.0, 1.0], [1.0, 0.0, 1.0, 1.0, 0.0, 1.0, 1.0, 0.0, 1.0, 1.0]]",384789,0.3965969626903534,0.8300000429153442,0.40700000524520874
ea36eeb5-d5d1-4605-9cc6-c357cf93ab29,acb50e3d-5b7b-4f88-9a19-65215dade751,"[-0.8604427576065063, 0.8373308181762695, 0.814276933670044, -0.821841835975647]","[[0.0, 0.0, 1.0, 0.0, 1.0, 1.0, 1.0, 0.0, 1.0, 0.0], [1.0, 1.0, 0.0, 1.0, 1.0, 1.0, 1.0, 0.0, 1.0, 1.0], [1.0, 0.0, 0.0, 0.0, 0.0, 1.0, 0.0, 1.0, 0.0, 1.0], [1.0, 0.0, 1.0, 1.0, 0.0, 1.0, 1.0, 0.0, 1.0, 1.0]]",422026,0.008302231211215257,0.9980000257492065,0.39100000262260437
395a5307-228c-4fa5-b600-02e75c812b30,acb50e3d-5b7b-4f88-9a19-65215dade751,"[-0.8604427576065063, 0.8373308181762695, 0.814276933670044, -0.821841835975647]","[[0.0, 0.0, 1.0, 0.0, 1.0, 1.0, 1.0, 0.0, 1.0, 0.0], [1.0, 1.0, 0.0, 1.0, 1.0, 1.0, 1.0, 0.0, 1.0, 1.0], [1.0, 0.0, 0.0, 0.0, 0.0, 1.0, 0.0, 1.0, 0.0, 1.0], [1.0, 0.0, 1.0, 1.0, 0.0, 1.0, 1.0, 0.0, 1.0, 1.0]]",94944,0.018341877326369285,0.984000027179718,0.382999986410141
8b2a8072-59ab-4537-b10c-bf393728e816,acb50e3d-5b7b-4f88-9a19-65215dade751,"[-0.8604427576065063, 0.8373308181762695, 0.814276933670044, -0.821841835975647]","[[0.0, 0.0, 1.0, 0.0, 1.0, 1.0, 1.0, 0.0, 1.0, 0.0], [1.0, 1.0, 0.0, 1.0, 1.0, 1.0, 1.0, 0.0, 1.0, 1.0], [1.0, 0.0, 0.0, 0.0, 0.0, 1.0, 0.0, 1.0, 0.0, 1.0], [1.0, 0.0, 1.0, 1.0, 0.0, 1.0, 1.0, 0.0, 1.0, 1.0]]",431304,0.020219867914915084,0.9880000352859497,0.39800000190734863
79c994ce-7138-4b6a-8649-80e9da48c432,601acfe5-672f-4b5d-a3c1-d11cfff63137,"[0.31933414936065674, -0.298109769821167, -0.46356022357940674, 0.23350989818572998]","[[1.0, 1.0, 1.0, 0.0, 1.0, 1.0, 1.0, 0.0, 1.0, 1.0], [1.0, 1.0, 1.0, 0.0, 1.0, 1.0, 0.0, 1.0, 1.0, 1.0], [1.0, 0.0, 1.0, 0.0, 0.0, 1.0, 1.0, 0.0, 0.0, 0.0], [1.0, 1.0, 1.0, 0.0, 0.0, 1.0, 1.0, 0.0, 1.0, 1.0]]",440438,0.02559733435511589,1.0,0.4779999852180481
f6ff2062-5941-4828-8bac-18ba2ac108ec,601acfe5-672f-4b5d-a3c1-d11cfff63137,"[0.31933414936065674, -0.298109769821167, -0.46356022357940674, 0.23350989818572998]","[[1.0, 1.0, 1.0, 0.0, 1.0, 1.0, 1.0, 0.0, 1.0, 1.0], [1.0, 1.0, 1.0, 0.0, 1.0, 1.0, 0.0, 1.0, 1.0, 1.0], [1.0, 0.0, 1.0, 0.0, 0.0, 1.0, 1.0, 0.0, 0.0, 0.0], [1.0, 1.0, 1.0, 0.0, 0.0, 1.0, 1.0, 0.0, 1.0, 1.0]]",584167,0.011651122510433197,0.9900000691413879,0.5109999775886536
fb1b6b16-a6e7-4a42-80f4-c40e58c7ba3d,601acfe5-672f-4b5d-a3c1-d11cfff63137,"[0.31933414936065674, -0.298109769821167, -0.46356022357940674, 0.23350989818572998]","[[1.0, 1.0, 1.0, 0.0, 1.0, 1.0, 1.0, 0.0, 1.0, 1.0], [1.0, 1.0, 1.0, 0.0, 1.0, 1.0, 0.0, 1.0, 1.0, 1.0], [1.0, 0.0, 1.0, 0.0, 0.0, 1.0, 1.0, 0.0, 0.0, 0.0], [1.0, 1.0, 1.0, 0.0, 0.0, 1.0, 1.0, 0.0, 1.0, 1.0]]",195584,0.00800343368202448,0.9960000514984131,0.5249999761581421
d428a26c-7895-45b3-b80b-87f61fe643e0,601acfe5-672f-4b5d-a3c1-d11cfff63137,"[0.31933414936065674, -0.298109769821167, -0.46356022357940674, 0.23350989818572998]","[[1.0, 1.0, 1.0, 0.0, 1.0, 1.0, 1.0, 0.0, 1.0, 1.0], [1.0, 1.0, 1.0, 0.0, 1.0, 1.0, 0.0, 1.0, 1.0, 1.0], [1.0, 0.0, 1.0, 0.0, 0.0, 1.0, 1.0, 0.0, 0.0, 0.0], [1.0, 1.0, 1.0, 0.0, 0.0, 1.0, 1.0, 0.0, 1.0, 1.0]]",618066,0.0080530928298831,0.9960000514984131,0.47600001096725464
6afeebf5-57d5-4665-be81-283db67315ba,601acfe5-672f-4b5d-a3c1-d11cfff63137,"[0.31933414936065674, -0.298109769821167, -0.46356022357940674, 0.23350989818572998]","[[1.0, 1.0, 1.0, 0.0, 1.0, 1.0, 1.0, 0.0, 1.0, 1.0], [1.0, 1.0, 1.0, 0.0, 1.0, 1.0, 0.0, 1.0, 1.0, 1.0], [1.0, 0.0, 1.0, 0.0, 0.0, 1.0, 1.0, 0.0, 0.0, 0.0], [1.0, 1.0, 1.0, 0.0, 0.0, 1.0, 1.0, 0.0, 1.0, 1.0]]",583769,0.005323366634547711,1.0,0.460999995470047
c26884d3-7bb9-4667-af93-f8209fbe9247,b52be328-78a4-44cc-abeb-2e3fe4c44890,"[-0.9517486095428467, 0.7037094831466675, 0.42780816555023193, -0.3263894319534302]","[[1.0, 1.0, 1.0, 0.0, 1.0, 0.0, 0.0, 1.0, 0.0, 1.0], [0.0, 1.0, 1.0, 0.0, 1.0, 1.0, 1.0, 1.0, 1.0, 1.0], [1.0, 0.0, 1.0, 1.0, 0.0, 0.0, 1.0, 1.0, 1.0, 1.0], [0.0, 1.0, 1.0, 1.0, 1.0, 0.0, 1.0, 0.0, 1.0, 0.0]]",609360,0.027720555573701858,0.9960000514984131,0.7020000219345093
f21fc64f-111b-4d5d-aa54-815a74b14807,b52be328-78a4-44cc-abeb-2e3fe4c44890,"[-0.9517486095428467, 0.7037094831466675, 0.42780816555023193, -0.3263894319534302]","[[1.0, 1.0, 1.0, 0.0, 1.0, 0.0, 0.0, 1.0, 0.0, 1.0], [0.0, 1.0, 1.0, 0.0, 1.0, 1.0, 1.0, 1.0, 1.0, 1.0], [1.0, 0.0, 1.0, 1.0, 0.0, 0.0, 1.0, 1.0, 1.0, 1.0], [0.0, 1.0, 1.0, 1.0, 1.0, 0.0, 1.0, 0.0, 1.0, 0.0]]",290960,0.35322405815124513,0.7980000376701355,0.6859999895095825
a61e0eaa-16e5-4c12-bc53-5a349bca0436,b52be328-78a4-44cc-abeb-2e3fe4c44890,"[-0.9517486095428467, 0.7037094831466675, 0.42780816555023193, -0.3263894319534302]","[[1.0, 1.0, 1.0, 0.0, 1.0, 0.0, 0.0, 1.0, 0.0, 1.0], [0.0, 1.0, 1.0, 0.0, 1.0, 1.0, 1.0, 1.0, 1.0, 1.0], [1.0, 0.0, 1.0, 1.0, 0.0, 0.0, 1.0, 1.0, 1.0, 1.0], [0.0, 1.0, 1.0, 1.0, 1.0, 0.0, 1.0, 0.0, 1.0, 0.0]]",999306,0.01877252569794655,1.0,0.6930000185966492
8bd14187-eb06-4684-b3ce-222929b5554b,b52be328-78a4-44cc-abeb-2e3fe4c44890,"[-0.9517486095428467, 0.7037094831466675, 0.42780816555023193, -0.3263894319534302]","[[1.0, 1.0, 1.0, 0.0, 1.0, 0.0, 0.0, 1.0, 0.0, 1.0], [0.0, 1.0, 1.0, 0.0, 1.0, 1.0, 1.0, 1.0, 1.0, 1.0], [1.0, 0.0, 1.0, 1.0, 0.0, 0.0, 1.0, 1.0, 1.0, 1.0], [0.0, 1.0, 1.0, 1.0, 1.0, 0.0, 1.0, 0.0, 1.0, 0.0]]",302752,0.020675779595971108,0.9960000514984131,0.6930000185966492
3e8b23fc-01e1-470c-8384-ea85277103f1,b52be328-78a4-44cc-abeb-2e3fe4c44890,"[-0.9517486095428467, 0.7037094831466675, 0.42780816555023193, -0.3263894319534302]","[[1.0, 1.0, 1.0, 0.0, 1.0, 0.0, 0.0, 1.0, 0.0, 1.0], [0.0, 1.0, 1.0, 0.0, 1.0, 1.0, 1.0, 1.0, 1.0, 1.0], [1.0, 0.0, 1.0, 1.0, 0.0, 0.0, 1.0, 1.0, 1.0, 1.0], [0.0, 1.0, 1.0, 1.0, 1.0, 0.0, 1.0, 0.0, 1.0, 0.0]]",926963,0.32020123410224915,0.8160000443458557,0.734000027179718
8697abf8-3761-479d-9aac-59b69a5fa624,ebd3922c-3995-4d55-89e0-b7aaf0eca5f7,"[-0.5780662298202515, 0.5018925666809082, -0.722121000289917, 0.5854214429855347]","[[0.0, 1.0, 1.0, 1.0, 0.0, 1.0, 1.0, 1.0, 1.0, 1.0], [1.0, 1.0, 1.0, 1.0, 1.0, 1.0, 1.0, 1.0, 1.0, 1.0], [0.0, 0.0, 0.0, 1.0, 1.0, 1.0, 1.0, 1.0, 0.0, 0.0], [1.0, 1.0, 1.0, 0.0, 1.0, 0.0, 1.0, 0.0, 1.0, 1.0]]",637928,0.014988319553434848,1.0,0.6510000228881836
f5ec9889-23c6-4e47-9689-9b2f06fe35d9,ebd3922c-3995-4d55-89e0-b7aaf0eca5f7,"[-0.5780662298202515, 0.5018925666809082, -0.722121000289917, 0.5854214429855347]","[[0.0, 1.0, 1.0, 1.0, 0.0, 1.0, 1.0, 1.0, 1.0, 1.0], [1.0, 1.0, 1.0, 1.0, 1.0, 1.0, 1.0, 1.0, 1.0, 1.0], [0.0, 0.0, 0.0, 1.0, 1.0, 1.0, 1.0, 1.0, 0.0, 0.0], [1.0, 1.0, 1.0, 0.0, 1.0, 0.0, 1.0, 0.0, 1.0, 1.0]]",993231,0.44701711773872377,0.7920000553131104,0.6589999794960022
4ec291c7-8ba6-4d76-9e63-bf3ef16d9719,ebd3922c-3995-4d55-89e0-b7aaf0eca5f7,"[-0.5780662298202515, 0.5018925666809082, -0.722121000289917, 0.5854214429855347]","[[0.0, 1.0, 1.0, 1.0, 0.0, 1.0, 1.0, 1.0, 1.0, 1.0], [1.0, 1.0, 1.0, 1.0, 1.0, 1.0, 1.0, 1.0, 1.0, 1.0], [0.0, 0.0, 0.0, 1.0, 1.0, 1.0, 1.0, 1.0, 0.0, 0.0], [1.0, 1.0, 1.0, 0.0, 1.0, 0.0, 1.0, 0.0, 1.0, 1.0]]",256829,0.4575755307674408,0.7460000514984131,0.6610000133514404
459255c2-dd73-44c4-aa15-a58d7a47d88e,ebd3922c-3995-4d55-89e0-b7aaf0eca5f7,"[-0.5780662298202515, 0.5018925666809082, -0.722121000289917, 0.5854214429855347]","[[0.0, 1.0, 1.0, 1.0, 0.0, 1.0, 1.0, 1.0, 1.0, 1.0], [1.0, 1.0, 1.0, 1.0, 1.0, 1.0, 1.0, 1.0, 1.0, 1.0], [0.0, 0.0, 0.0, 1.0, 1.0, 1.0, 1.0, 1.0, 0.0, 0.0], [1.0, 1.0, 1.0, 0.0, 1.0, 0.0, 1.0, 0.0, 1.0, 1.0]]",788932,0.01937258757650852,1.0,0.6740000247955322
18a2c8f8-8fb7-4a36-860d-b7541ed5940d,ebd3922c-3995-4d55-89e0-b7aaf0eca5f7,"[-0.5780662298202515, 0.5018925666809082, -0.722121000289917, 0.5854214429855347]","[[0.0, 1.0, 1.0, 1.0, 0.0, 1.0, 1.0, 1.0, 1.0, 1.0], [1.0, 1.0, 1.0, 1.0, 1.0, 1.0, 1.0, 1.0, 1.0, 1.0], [0.0, 0.0, 0.0, 1.0, 1.0, 1.0, 1.0, 1.0, 0.0, 0.0], [1.0, 1.0, 1.0, 0.0, 1.0, 0.0, 1.0, 0.0, 1.0, 1.0]]",661632,0.02221963708102703,1.0,0.7089999914169312
a93a9101-c5cc-49be-8929-e9a6ecf858e5,7c11e120-ae0e-44a4-9ddf-e9581d81719c,"[-0.14228391647338867, 0.5556938648223877, -0.5296701192855835, -0.0560070276260376]","[[0.0, 1.0, 1.0, 0.0, 1.0, 1.0, 0.0, 1.0, 1.0, 0.0], [1.0, 1.0, 1.0, 1.0, 1.0, 1.0, 1.0, 1.0, 1.0, 1.0], [1.0, 0.0, 1.0, 1.0, 1.0, 1.0, 1.0, 0.0, 1.0, 1.0], [1.0, 1.0, 1.0, 0.0, 0.0, 1.0, 1.0, 1.0, 1.0, 1.0]]",10374,0.025599075615406038,1.0,0.5339999794960022
c4831621-7723-4795-86a3-938e3d608fff,7c11e120-ae0e-44a4-9ddf-e9581d81719c,"[-0.14228391647338867, 0.5556938648223877, -0.5296701192855835, -0.0560070276260376]","[[0.0, 1.0, 1.0, 0.0, 1.0, 1.0, 0.0, 1.0, 1.0, 0.0], [1.0, 1.0, 1.0, 1.0, 1.0, 1.0, 1.0, 1.0, 1.0, 1.0], [1.0, 0.0, 1.0, 1.0, 1.0, 1.0, 1.0, 0.0, 1.0, 1.0], [1.0, 1.0, 1.0, 0.0, 0.0, 1.0, 1.0, 1.0, 1.0, 1.0]]",961009,0.019296457968652248,0.9980000257492065,0.515999972820282
e1211ad1-f8c4-49c0-a619-45b87932e7d4,7c11e120-ae0e-44a4-9ddf-e9581d81719c,"[-0.14228391647338867, 0.5556938648223877, -0.5296701192855835, -0.0560070276260376]","[[0.0, 1.0, 1.0, 0.0, 1.0, 1.0, 0.0, 1.0, 1.0, 0.0], [1.0, 1.0, 1.0, 1.0, 1.0, 1.0, 1.0, 1.0, 1.0, 1.0], [1.0, 0.0, 1.0, 1.0, 1.0, 1.0, 1.0, 0.0, 1.0, 1.0], [1.0, 1.0, 1.0, 0.0, 0.0, 1.0, 1.0, 1.0, 1.0, 1.0]]",842117,0.34265491318702695,0.7700000405311584,0.5320000052452087
cfe7798f-fbf6-4410-b0b1-738cde5acb0e,7c11e120-ae0e-44a4-9ddf-e9581d81719c,"[-0.14228391647338867, 0.5556938648223877, -0.5296701192855835, -0.0560070276260376]","[[0.0, 1.0, 1.0, 0.0, 1.0, 1.0, 0.0, 1.0, 1.0, 0.0], [1.0, 1.0, 1.0, 1.0, 1.0, 1.0, 1.0, 1.0, 1.0, 1.0], [1.0, 0.0, 1.0, 1.0, 1.0, 1.0, 1.0, 0.0, 1.0, 1.0], [1.0, 1.0, 1.0, 0.0, 0.0, 1.0, 1.0, 1.0, 1.0, 1.0]]",955780,,,
6a2709b0-9b43-43e4-8973-2d8925d9e0c8,7c11e120-ae0e-44a4-9ddf-e9581d81719c,"[-0.14228391647338867, 0.5556938648223877, -0.5296701192855835, -0.0560070276260376]","[[0.0, 1.0, 1.0, 0.0, 1.0, 1.0, 0.0, 1.0, 1.0, 0.0], [1.0, 1.0, 1.0, 1.0, 1.0, 1.0, 1.0, 1.0, 1.0, 1.0], [1.0, 0.0, 1.0, 1.0, 1.0, 1.0, 1.0, 0.0, 1.0, 1.0], [1.0, 1.0, 1.0, 0.0, 0.0, 1.0, 1.0, 1.0, 1.0, 1.0]]",64039,,,
7628d5c0-3f57-4b36-95c4-a05d49b73cdf,63d620c6-99f6-4126-8d9e-4e173b6de575,"[0.2412933111190796, 0.8825474977493286, -0.5607599020004272, -0.5691441297531128]","[[1.0, 1.0, 1.0, 1.0, 1.0, 1.0, 0.0, 1.0, 1.0, 0.0], [1.0, 0.0, 0.0, 1.0, 0.0, 0.0, 0.0, 1.0, 1.0, 1.0], [1.0, 0.0, 1.0, 1.0, 1.0, 0.0, 1.0, 0.0, 0.0, 1.0], [0.0, 1.0, 0.0, 1.0, 1.0, 1.0, 0.0, 0.0, 0.0, 0.0]]",389970,,,
9505c0c8-c42e-4109-b5f1-4865cdd14980,63d620c6-99f6-4126-8d9e-4e173b6de575,"[0.2412933111190796, 0.8825474977493286, -0.5607599020004272, -0.5691441297531128]","[[1.0, 1.0, 1.0, 1.0, 1.0, 1.0, 0.0, 1.0, 1.0, 0.0], [1.0, 0.0, 0.0, 1.0, 0.0, 0.0, 0.0, 1.0, 1.0, 1.0], [1.0, 0.0, 1.0, 1.0, 1.0, 0.0, 1.0, 0.0, 0.0, 1.0], [0.0, 1.0, 0.0, 1.0, 1.0, 1.0, 0.0, 0.0, 0.0, 0.0]]",630404,,,
19bf8b54-f956-4598-9b2b-9aa5a7ff5e41,63d620c6-99f6-4126-8d9e-4e173b6de575,"[0.2412933111190796, 0.8825474977493286, -0.5607599020004272, -0.5691441297531128]","[[1.0, 1.0, 1.0, 1.0, 1.0, 1.0, 0.0, 1.0, 1.0, 0.0], [1.0, 0.0, 0.0, 1.0, 0.0, 0.0, 0.0, 1.0, 1.0, 1.0], [1.0, 0.0, 1.0, 1.0, 1.0, 0.0, 1.0, 0.0, 0.0, 1.0], [0.0, 1.0, 0.0, 1.0, 1.0, 1.0, 0.0, 0.0, 0.0, 0.0]]",691232,,,
2a000918-f054-4d17-b6b1-443fe1f9aa24,63d620c6-99f6-4126-8d9e-4e173b6de575,"[0.2412933111190796, 0.8825474977493286, -0.5607599020004272, -0.5691441297531128]","[[1.0, 1.0, 1.0, 1.0, 1.0, 1.0, 0.0, 1.0, 1.0, 0.0], [1.0, 0.0, 0.0, 1.0, 0.0, 0.0, 0.0, 1.0, 1.0, 1.0], [1.0, 0.0, 1.0, 1.0, 1.0, 0.0, 1.0, 0.0, 0.0, 1.0], [0.0, 1.0, 0.0, 1.0, 1.0, 1.0, 0.0, 0.0, 0.0, 0.0]]",342048,,,
cb1ca065-bcd5-4388-83a3-8a8be4c2864e,63d620c6-99f6-4126-8d9e-4e173b6de575,"[0.2412933111190796, 0.8825474977493286, -0.5607599020004272, -0.5691441297531128]","[[1.0, 1.0, 1.0, 1.0, 1.0, 1.0, 0.0, 1.0, 1.0, 0.0], [1.0, 0.0, 0.0, 1.0, 0.0, 0.0, 0.0, 1.0, 1.0, 1.0], [1.0, 0.0, 1.0, 1.0, 1.0, 0.0, 1.0, 0.0, 0.0, 1.0], [0.0, 1.0, 0.0, 1.0, 1.0, 1.0, 0.0, 0.0, 0.0, 0.0]]",354938,,,
38ce117e-f3d2-4242-b22b-102c798fccde,b71da57e-fe6e-4428-b5ae-d3d16888ae5c,"[-0.9647430181503296, -0.6803675889968872, 0.8103421926498413, 0.9023991823196411]","[[1.0, 1.0, 0.0, 1.0, 1.0, 0.0, 1.0, 0.0, 0.0, 0.0], [1.0, 1.0, 0.0, 1.0, 1.0, 1.0, 1.0, 1.0, 1.0, 1.0], [0.0, 0.0, 1.0, 1.0, 1.0, 1.0, 1.0, 0.0, 1.0, 1.0], [1.0, 0.0, 1.0, 0.0, 1.0, 1.0, 1.0, 1.0, 0.0, 1.0]]",760775,,,
bdfc1e3e-0e56-408e-9552-8af4970b1e68,b71da57e-fe6e-4428-b5ae-d3d16888ae5c,"[-0.9647430181503296, -0.6803675889968872, 0.8103421926498413, 0.9023991823196411]","[[1.0, 1.0, 0.0, 1.0, 1.0, 0.0, 1.0, 0.0, 0.0, 0.0], [1.0, 1.0, 0.0, 1.0, 1.0, 1.0, 1.0, 1.0, 1.0, 1.0], [0.0, 0.0, 1.0, 1.0, 1.0, 1.0, 1.0, 0.0, 1.0, 1.0], [1.0, 0.0, 1.0, 0.0, 1.0, 1.0, 1.0, 1.0, 0.0, 1.0]]",13940,,,
8eb5ab45-7125-4a27-a1e5-9a99fb689f59,b71da57e-fe6e-4428-b5ae-d3d16888ae5c,"[-0.9647430181503296, -0.6803675889968872, 0.8103421926498413, 0.9023991823196411]","[[1.0, 1.0, 0.0, 1.0, 1.0, 0.0, 1.0, 0.0, 0.0, 0.0], [1.0, 1.0, 0.0, 1.0, 1.0, 1.0, 1.0, 1.0, 1.0, 1.0], [0.0, 0.0, 1.0, 1.0, 1.0, 1.0, 1.0, 0.0, 1.0, 1.0], [1.0, 0.0, 1.0, 0.0, 1.0, 1.0, 1.0, 1.0, 0.0, 1.0]]",252018,,,
a6a46bc3-6278-4e64-a03f-bfa3c69634e4,b71da57e-fe6e-4428-b5ae-d3d16888ae5c,"[-0.9647430181503296, -0.6803675889968872, 0.8103421926498413, 0.9023991823196411]","[[1.0, 1.0, 0.0, 1.0, 1.0, 0.0, 1.0, 0.0, 0.0, 0.0], [1.0, 1.0, 0.0, 1.0, 1.0, 1.0, 1.0, 1.0, 1.0, 1.0], [0.0, 0.0, 1.0, 1.0, 1.0, 1.0, 1.0, 0.0, 1.0, 1.0], [1.0, 0.0, 1.0, 0.0, 1.0, 1.0, 1.0, 1.0, 0.0, 1.0]]",960737,,,
5e59902b-25df-4b4b-b4bf-f34091646a12,b71da57e-fe6e-4428-b5ae-d3d16888ae5c,"[-0.9647430181503296, -0.6803675889968872, 0.8103421926498413, 0.9023991823196411]","[[1.0, 1.0, 0.0, 1.0, 1.0, 0.0, 1.0, 0.0, 0.0, 0.0], [1.0, 1.0, 0.0, 1.0, 1.0, 1.0, 1.0, 1.0, 1.0, 1.0], [0.0, 0.0, 1.0, 1.0, 1.0, 1.0, 1.0, 0.0, 1.0, 1.0], [1.0, 0.0, 1.0, 0.0, 1.0, 1.0, 1.0, 1.0, 0.0, 1.0]]",30559,,,
52352cae-c365-4cf4-991f-af96521a7c74,7576d4a9-11fd-4418-9eac-0743fdac0318,"[0.29499495029449463, -0.294921875, -0.9743711948394775, 0.6168218851089478]","[[1.0, 1.0, 1.0, 0.0, 1.0, 1.0, 0.0, 1.0, 1.0, 1.0], [1.0, 0.0, 0.0, 1.0, 0.0, 0.0, 0.0, 1.0, 1.0, 1.0], [1.0, 0.0, 1.0, 0.0, 1.0, 0.0, 1.0, 0.0, 1.0, 1.0], [0.0, 0.0, 0.0, 1.0, 1.0, 1.0, 0.0, 1.0, 1.0, 1.0]]",781319,,,
b22a77c3-f2eb-44fd-a15d-b95941457eaa,7576d4a9-11fd-4418-9eac-0743fdac0318,"[0.29499495029449463, -0.294921875, -0.9743711948394775, 0.6168218851089478]","[[1.0, 1.0, 1.0, 0.0, 1.0, 1.0, 0.0, 1.0, 1.0, 1.0], [1.0, 0.0, 0.0, 1.0, 0.0, 0.0, 0.0, 1.0, 1.0, 1.0], [1.0, 0.0, 1.0, 0.0, 1.0, 0.0, 1.0, 0.0, 1.0, 1.0], [0.0, 0.0, 0.0, 1.0, 1.0, 1.0, 0.0, 1.0, 1.0, 1.0]]",76836,,,
ba16df12-24fd-44a9-ac27-e52592ad4f11,7576d4a9-11fd-4418-9eac-0743fdac0318,"[0.29499495029449463, -0.294921875, -0.9743711948394775, 0.6168218851089478]","[[1.0, 1.0, 1.0, 0.0, 1.0, 1.0, 0.0, 1.0, 1.0, 1.0], [1.0, 0.0, 0.0, 1.0, 0.0, 0.0, 0.0, 1.0, 1.0, 1.0], [1.0, 0.0, 1.0, 0.0, 1.0, 0.0, 1.0, 0.0, 1.0, 1.0], [0.0, 0.0, 0.0, 1.0, 1.0, 1.0, 0.0, 1.0, 1.0, 1.0]]",833542,,,
9e94141a-84bc-4e55-bdfa-69868d87835c,7576d4a9-11fd-4418-9eac-0743fdac0318,"[0.29499495029449463, -0.294921875, -0.9743711948394775, 0.6168218851089478]","[[1.0, 1.0, 1.0, 0.0, 1.0, 1.0, 0.0, 1.0, 1.0, 1.0], [1.0, 0.0, 0.0, 1.0, 0.0, 0.0, 0.0, 1.0, 1.0, 1.0], [1.0, 0.0, 1.0, 0.0, 1.0, 0.0, 1.0, 0.0, 1.0, 1.0], [0.0, 0.0, 0.0, 1.0, 1.0, 1.0, 0.0, 1.0, 1.0, 1.0]]",665684,,,
5dcc8795-3f54-40be-98b4-3ccc1e2db84e,7576d4a9-11fd-4418-9eac-0743fdac0318,"[0.29499495029449463, -0.294921875, -0.9743711948394775, 0.6168218851089478]","[[1.0, 1.0, 1.0, 0.0, 1.0, 1.0, 0.0, 1.0, 1.0, 1.0], [1.0, 0.0, 0.0, 1.0, 0.0, 0.0, 0.0, 1.0, 1.0, 1.0], [1.0, 0.0, 1.0, 0.0, 1.0, 0.0, 1.0, 0.0, 1.0, 1.0], [0.0, 0.0, 0.0, 1.0, 1.0, 1.0, 0.0, 1.0, 1.0, 1.0]]",22098,,,
fe45aa26-c187-4c94-a328-690518ab9191,17a69e1a-576b-4139-88c4-c30105285497,"[-0.3301811218261719, -0.5633343458175659, 0.8406729698181152, -0.13929879665374756]","[[1.0, 1.0, 0.0, 0.0, 1.0, 0.0, 0.0, 0.0, 1.0, 1.0], [1.0, 1.0, 1.0, 0.0, 1.0, 1.0, 1.0, 1.0, 1.0, 1.0], [1.0, 0.0, 1.0, 1.0, 1.0, 1.0, 1.0, 1.0, 1.0, 1.0], [0.0, 1.0, 0.0, 1.0, 1.0, 0.0, 1.0, 0.0, 0.0, 1.0]]",739329,,,
9cadf71b-9d32-4a8d-a944-0b848a4b486b,17a69e1a-576b-4139-88c4-c30105285497,"[-0.3301811218261719, -0.5633343458175659, 0.8406729698181152, -0.13929879665374756]","[[1.0, 1.0, 0.0, 0.0, 1.0, 0.0, 0.0, 0.0, 1.0, 1.0], [1.0, 1.0, 1.0, 0.0, 1.0, 1.0, 1.0, 1.0, 1.0, 1.0], [1.0, 0.0, 1.0, 1.0, 1.0, 1.0, 1.0, 1.0, 1.0, 1.0], [0.0, 1.0, 0.0, 1.0, 1.0, 0.0, 1.0, 0.0, 0.0, 1.0]]",439382,,,
b06fc714-c8fc-44ff-be0c-9ade7369ed48,17a69e1a-576b-4139-88c4-c30105285497,"[-0.3301811218261719, -0.5633343458175659, 0.8406729698181152, -0.13929879665374756]","[[1.0, 1.0, 0.0, 0.0, 1.0, 0.0, 0.0, 0.0, 1.0, 1.0], [1.0, 1.0, 1.0, 0.0, 1.0, 1.0, 1.0, 1.0, 1.0, 1.0], [1.0, 0.0, 1.0, 1.0, 1.0, 1.0, 1.0, 1.0, 1.0, 1.0], [0.0, 1.0, 0.0, 1.0, 1.0, 0.0, 1.0, 0.0, 0.0, 1.0]]",469719,,,
47978605-f3d6-4246-b901-99dcf4a2939e,17a69e1a-576b-4139-88c4-c30105285497,"[-0.3301811218261719, -0.5633343458175659, 0.8406729698181152, -0.13929879665374756]","[[1.0, 1.0, 0.0, 0.0, 1.0, 0.0, 0.0, 0.0, 1.0, 1.0], [1.0, 1.0, 1.0, 0.0, 1.0, 1.0, 1.0, 1.0, 1.0, 1.0], [1.0, 0.0, 1.0, 1.0, 1.0, 1.0, 1.0, 1.0, 1.0, 1.0], [0.0, 1.0, 0.0, 1.0, 1.0, 0.0, 1.0, 0.0, 0.0, 1.0]]",156747,,,
13a749b3-980c-4100-909a-e0ccb86acfba,17a69e1a-576b-4139-88c4-c30105285497,"[-0.3301811218261719, -0.5633343458175659, 0.8406729698181152, -0.13929879665374756]","[[1.0, 1.0, 0.0, 0.0, 1.0, 0.0, 0.0, 0.0, 1.0, 1.0], [1.0, 1.0, 1.0, 0.0, 1.0, 1.0, 1.0, 1.0, 1.0, 1.0], [1.0, 0.0, 1.0, 1.0, 1.0, 1.0, 1.0, 1.0, 1.0, 1.0], [0.0, 1.0, 0.0, 1.0, 1.0, 0.0, 1.0, 0.0, 0.0, 1.0]]",116472,,,
3a9c122b-d53d-4879-adc3-c374e41a2409,e0c3f14a-39c6-4672-8984-7c293bd7fc6b,"[0.9875811338424683, -0.45562517642974854, -0.640459418296814, 0.6205450296401978]","[[0.0, 0.0, 1.0, 1.0, 1.0, 0.0, 1.0, 0.0, 1.0, 1.0], [1.0, 1.0, 0.0, 0.0, 0.0, 1.0, 1.0, 1.0, 0.0, 1.0], [1.0, 1.0, 1.0, 1.0, 1.0, 1.0, 1.0, 1.0, 1.0, 0.0], [1.0, 0.0, 1.0, 0.0, 1.0, 1.0, 0.0, 0.0, 1.0, 1.0]]",476145,,,
c6847dda-052c-4f33-b0b9-db4af48fc602,e0c3f14a-39c6-4672-8984-7c293bd7fc6b,"[0.9875811338424683, -0.45562517642974854, -0.640459418296814, 0.6205450296401978]","[[0.0, 0.0, 1.0, 1.0, 1.0, 0.0, 1.0, 0.0, 1.0, 1.0], [1.0, 1.0, 0.0, 0.0, 0.0, 1.0, 1.0, 1.0, 0.0, 1.0], [1.0, 1.0, 1.0, 1.0, 1.0, 1.0, 1.0, 1.0, 1.0, 0.0], [1.0, 0.0, 1.0, 0.0, 1.0, 1.0, 0.0, 0.0, 1.0, 1.0]]",731914,,,
58dff6f7-5cef-4728-a6b8-635b9a0cdceb,e0c3f14a-39c6-4672-8984-7c293bd7fc6b,"[0.9875811338424683, -0.45562517642974854, -0.640459418296814, 0.6205450296401978]","[[0.0, 0.0, 1.0, 1.0, 1.0, 0.0, 1.0, 0.0, 1.0, 1.0], [1.0, 1.0, 0.0, 0.0, 0.0, 1.0, 1.0, 1.0, 0.0, 1.0], [1.0, 1.0, 1.0, 1.0, 1.0, 1.0, 1.0, 1.0, 1.0, 0.0], [1.0, 0.0, 1.0, 0.0, 1.0, 1.0, 0.0, 0.0, 1.0, 1.0]]",98669,,,
c87374ed-a925-4b4b-a367-0906317406af,e0c3f14a-39c6-4672-8984-7c293bd7fc6b,"[0.9875811338424683, -0.45562517642974854, -0.640459418296814, 0.6205450296401978]","[[0.0, 0.0, 1.0, 1.0, 1.0, 0.0, 1.0, 0.0, 1.0, 1.0], [1.0, 1.0, 0.0, 0.0, 0.0, 1.0, 1.0, 1.0, 0.0, 1.0], [1.0, 1.0, 1.0, 1.0, 1.0, 1.0, 1.0, 1.0, 1.0, 0.0], [1.0, 0.0, 1.0, 0.0, 1.0, 1.0, 0.0, 0.0, 1.0, 1.0]]",36420,,,
0220e5ff-5eda-4767-a0ce-5b890cc88807,e0c3f14a-39c6-4672-8984-7c293bd7fc6b,"[0.9875811338424683, -0.45562517642974854, -0.640459418296814, 0.6205450296401978]","[[0.0, 0.0, 1.0, 1.0, 1.0, 0.0, 1.0, 0.0, 1.0, 1.0], [1.0, 1.0, 0.0, 0.0, 0.0, 1.0, 1.0, 1.0, 0.0, 1.0], [1.0, 1.0, 1.0, 1.0, 1.0, 1.0, 1.0, 1.0, 1.0, 0.0], [1.0, 0.0, 1.0, 0.0, 1.0, 1.0, 0.0, 0.0, 1.0, 1.0]]",728629,,,
5a518407-d8d8-4b89-bdfa-5459139301a4,59551786-2273-4ada-9ce9-42fe0d4683ad,"[-0.8861271142959595, -0.777022123336792, 0.6956280469894409, 0.6247636079788208]","[[1.0, 0.0, 1.0, 0.0, 1.0, 0.0, 1.0, 1.0, 0.0, 0.0], [1.0, 1.0, 1.0, 1.0, 1.0, 1.0, 1.0, 1.0, 1.0, 1.0], [1.0, 1.0, 0.0, 1.0, 1.0, 1.0, 1.0, 0.0, 1.0, 1.0], [1.0, 1.0, 0.0, 1.0, 1.0, 1.0, 1.0, 1.0, 1.0, 1.0]]",826432,,,
252f570c-0a12-41a9-8ffd-3a364a6b25d5,59551786-2273-4ada-9ce9-42fe0d4683ad,"[-0.8861271142959595, -0.777022123336792, 0.6956280469894409, 0.6247636079788208]","[[1.0, 0.0, 1.0, 0.0, 1.0, 0.0, 1.0, 1.0, 0.0, 0.0], [1.0, 1.0, 1.0, 1.0, 1.0, 1.0, 1.0, 1.0, 1.0, 1.0], [1.0, 1.0, 0.0, 1.0, 1.0, 1.0, 1.0, 0.0, 1.0, 1.0], [1.0, 1.0, 0.0, 1.0, 1.0, 1.0, 1.0, 1.0, 1.0, 1.0]]",732270,,,
e0433896-b797-4383-9c3b-4a9d00932191,59551786-2273-4ada-9ce9-42fe0d4683ad,"[-0.8861271142959595, -0.777022123336792, 0.6956280469894409, 0.6247636079788208]","[[1.0, 0.0, 1.0, 0.0, 1.0, 0.0, 1.0, 1.0, 0.0, 0.0], [1.0, 1.0, 1.0, 1.0, 1.0, 1.0, 1.0, 1.0, 1.0, 1.0], [1.0, 1.0, 0.0, 1.0, 1.0, 1.0, 1.0, 0.0, 1.0, 1.0], [1.0, 1.0, 0.0, 1.0, 1.0, 1.0, 1.0, 1.0, 1.0, 1.0]]",656743,,,
e93daaab-5614-4754-b486-5c43bf7320de,59551786-2273-4ada-9ce9-42fe0d4683ad,"[-0.8861271142959595, -0.777022123336792, 0.6956280469894409, 0.6247636079788208]","[[1.0, 0.0, 1.0, 0.0, 1.0, 0.0, 1.0, 1.0, 0.0, 0.0], [1.0, 1.0, 1.0, 1.0, 1.0, 1.0, 1.0, 1.0, 1.0, 1.0], [1.0, 1.0, 0.0, 1.0, 1.0, 1.0, 1.0, 0.0, 1.0, 1.0], [1.0, 1.0, 0.0, 1.0, 1.0, 1.0, 1.0, 1.0, 1.0, 1.0]]",854554,,,
76ae4369-e054-46de-bcc3-230af85da4c1,59551786-2273-4ada-9ce9-42fe0d4683ad,"[-0.8861271142959595, -0.777022123336792, 0.6956280469894409, 0.6247636079788208]","[[1.0, 0.0, 1.0, 0.0, 1.0, 0.0, 1.0, 1.0, 0.0, 0.0], [1.0, 1.0, 1.0, 1.0, 1.0, 1.0, 1.0, 1.0, 1.0, 1.0], [1.0, 1.0, 0.0, 1.0, 1.0, 1.0, 1.0, 0.0, 1.0, 1.0], [1.0, 1.0, 0.0, 1.0, 1.0, 1.0, 1.0, 1.0, 1.0, 1.0]]",204632,,,
dfbbfc41-dbc5-4a19-93fe-e36f43a9b528,ab80c16a-192f-4277-955a-779e6c0152b8,"[0.8075951337814331, -0.8903336524963379, -0.45907068252563477, 0.6810581684112549]","[[1.0, 0.0, 1.0, 0.0, 1.0, 1.0, 1.0, 0.0, 1.0, 1.0], [1.0, 1.0, 1.0, 0.0, 1.0, 0.0, 1.0, 1.0, 1.0, 0.0], [1.0, 1.0, 1.0, 1.0, 1.0, 1.0, 1.0, 0.0, 1.0, 1.0], [1.0, 1.0, 0.0, 1.0, 1.0, 1.0, 0.0, 0.0, 1.0, 1.0]]",272958,,,
350a948a-0e4a-4811-bbc2-d6e8a0567c3d,ab80c16a-192f-4277-955a-779e6c0152b8,"[0.8075951337814331, -0.8903336524963379, -0.45907068252563477, 0.6810581684112549]","[[1.0, 0.0, 1.0, 0.0, 1.0, 1.0, 1.0, 0.0, 1.0, 1.0], [1.0, 1.0, 1.0, 0.0, 1.0, 0.0, 1.0, 1.0, 1.0, 0.0], [1.0, 1.0, 1.0, 1.0, 1.0, 1.0, 1.0, 0.0, 1.0, 1.0], [1.0, 1.0, 0.0, 1.0, 1.0, 1.0, 0.0, 0.0, 1.0, 1.0]]",381333,,,
d35814d9-89b1-47ac-bf63-4f94248bb9ea,ab80c16a-192f-4277-955a-779e6c0152b8,"[0.8075951337814331, -0.8903336524963379, -0.45907068252563477, 0.6810581684112549]","[[1.0, 0.0, 1.0, 0.0, 1.0, 1.0, 1.0, 0.0, 1.0, 1.0], [1.0, 1.0, 1.0, 0.0, 1.0, 0.0, 1.0, 1.0, 1.0, 0.0], [1.0, 1.0, 1.0, 1.0, 1.0, 1.0, 1.0, 0.0, 1.0, 1.0], [1.0, 1.0, 0.0, 1.0, 1.0, 1.0, 0.0, 0.0, 1.0, 1.0]]",930854,,,
f1588925-8a1e-4255-b7f5-8ad606402076,ab80c16a-192f-4277-955a-779e6c0152b8,"[0.8075951337814331, -0.8903336524963379, -0.45907068252563477, 0.6810581684112549]","[[1.0, 0.0, 1.0, 0.0, 1.0, 1.0, 1.0, 0.0, 1.0, 1.0], [1.0, 1.0, 1.0, 0.0, 1.0, 0.0, 1.0, 1.0, 1.0, 0.0], [1.0, 1.0, 1.0, 1.0, 1.0, 1.0, 1.0, 0.0, 1.0, 1.0], [1.0, 1.0, 0.0, 1.0, 1.0, 1.0, 0.0, 0.0, 1.0, 1.0]]",275208,,,
a7b38f19-3333-4e8f-92f9-fd8f8b4b5eaa,ab80c16a-192f-4277-955a-779e6c0152b8,"[0.8075951337814331, -0.8903336524963379, -0.45907068252563477, 0.6810581684112549]","[[1.0, 0.0, 1.0, 0.0, 1.0, 1.0, 1.0, 0.0, 1.0, 1.0], [1.0, 1.0, 1.0, 0.0, 1.0, 0.0, 1.0, 1.0, 1.0, 0.0], [1.0, 1.0, 1.0, 1.0, 1.0, 1.0, 1.0, 0.0, 1.0, 1.0], [1.0, 1.0, 0.0, 1.0, 1.0, 1.0, 0.0, 0.0, 1.0, 1.0]]",73006,,,
3908d881-c58f-4a71-9156-211f8a01edeb,aa58880a-0a80-4d41-9723-7ec50d4ec41b,"[-0.7554593086242676, 0.5468628406524658, -0.5252572298049927, 0.5826065540313721]","[[0.0, 1.0, 1.0, 0.0, 1.0, 1.0, 1.0, 1.0, 1.0, 0.0], [0.0, 1.0, 1.0, 0.0, 1.0, 1.0, 1.0, 1.0, 1.0, 1.0], [1.0, 0.0, 1.0, 0.0, 0.0, 1.0, 0.0, 1.0, 0.0, 1.0], [1.0, 0.0, 0.0, 1.0, 1.0, 0.0, 0.0, 1.0, 0.0, 1.0]]",332965,,,
90b595af-483b-4826-ba00-21c9aa7c4ebf,aa58880a-0a80-4d41-9723-7ec50d4ec41b,"[-0.7554593086242676, 0.5468628406524658, -0.5252572298049927, 0.5826065540313721]","[[0.0, 1.0, 1.0, 0.0, 1.0, 1.0, 1.0, 1.0, 1.0, 0.0], [0.0, 1.0, 1.0, 0.0, 1.0, 1.0, 1.0, 1.0, 1.0, 1.0], [1.0, 0.0, 1.0, 0.0, 0.0, 1.0, 0.0, 1.0, 0.0, 1.0], [1.0, 0.0, 0.0, 1.0, 1.0, 0.0, 0.0, 1.0, 0.0, 1.0]]",307625,,,
c35abb4e-4640-4fa3-904f-a0864fb5e71d,aa58880a-0a80-4d41-9723-7ec50d4ec41b,"[-0.7554593086242676, 0.5468628406524658, -0.5252572298049927, 0.5826065540313721]","[[0.0, 1.0, 1.0, 0.0, 1.0, 1.0, 1.0, 1.0, 1.0, 0.0], [0.0, 1.0, 1.0, 0.0, 1.0, 1.0, 1.0, 1.0, 1.0, 1.0], [1.0, 0.0, 1.0, 0.0, 0.0, 1.0, 0.0, 1.0, 0.0, 1.0], [1.0, 0.0, 0.0, 1.0, 1.0, 0.0, 0.0, 1.0, 0.0, 1.0]]",401639,,,
be14900b-4342-4dee-90ac-7b7602d97375,aa58880a-0a80-4d41-9723-7ec50d4ec41b,"[-0.7554593086242676, 0.5468628406524658, -0.5252572298049927, 0.5826065540313721]","[[0.0, 1.0, 1.0, 0.0, 1.0, 1.0, 1.0, 1.0, 1.0, 0.0], [0.0, 1.0, 1.0, 0.0, 1.0, 1.0, 1.0, 1.0, 1.0, 1.0], [1.0, 0.0, 1.0, 0.0, 0.0, 1.0, 0.0, 1.0, 0.0, 1.0], [1.0, 0.0, 0.0, 1.0, 1.0, 0.0, 0.0, 1.0, 0.0, 1.0]]",359915,,,
48171f93-6dc3-4864-9c1e-ae09ace078fc,aa58880a-0a80-4d41-9723-7ec50d4ec41b,"[-0.7554593086242676, 0.5468628406524658, -0.5252572298049927, 0.5826065540313721]","[[0.0, 1.0, 1.0, 0.0, 1.0, 1.0, 1.0, 1.0, 1.0, 0.0], [0.0, 1.0, 1.0, 0.0, 1.0, 1.0, 1.0, 1.0, 1.0, 1.0], [1.0, 0.0, 1.0, 0.0, 0.0, 1.0, 0.0, 1.0, 0.0, 1.0], [1.0, 0.0, 0.0, 1.0, 1.0, 0.0, 0.0, 1.0, 0.0, 1.0]]",786627,,,
e2972eae-7db8-49ad-8cda-09af15827ad7,b8e8bcbe-8646-4607-8778-d86d7ffc71b8,"[0.7221659421920776, 0.0005258321762084961, -0.9939929246902466, 0.4951629638671875]","[[1.0, 1.0, 1.0, 1.0, 1.0, 1.0, 0.0, 1.0, 1.0, 0.0], [1.0, 1.0, 1.0, 1.0, 1.0, 0.0, 1.0, 1.0, 1.0, 0.0], [1.0, 0.0, 1.0, 1.0, 1.0, 1.0, 1.0, 1.0, 1.0, 1.0], [0.0, 1.0, 0.0, 0.0, 1.0, 0.0, 1.0, 1.0, 0.0, 1.0]]",604328,,,
7bf591d0-7e8e-4aee-b520-c21cc232e558,b8e8bcbe-8646-4607-8778-d86d7ffc71b8,"[0.7221659421920776, 0.0005258321762084961, -0.9939929246902466, 0.4951629638671875]","[[1.0, 1.0, 1.0, 1.0, 1.0, 1.0, 0.0, 1.0, 1.0, 0.0], [1.0, 1.0, 1.0, 1.0, 1.0, 0.0, 1.0, 1.0, 1.0, 0.0], [1.0, 0.0, 1.0, 1.0, 1.0, 1.0, 1.0, 1.0, 1.0, 1.0], [0.0, 1.0, 0.0, 0.0, 1.0, 0.0, 1.0, 1.0, 0.0, 1.0]]",349550,,,
d0c7e4e0-e9dd-4c4f-8771-85a260981ac8,b8e8bcbe-8646-4607-8778-d86d7ffc71b8,"[0.7221659421920776, 0.0005258321762084961, -0.9939929246902466, 0.4951629638671875]","[[1.0, 1.0, 1.0, 1.0, 1.0, 1.0, 0.0, 1.0, 1.0, 0.0], [1.0, 1.0, 1.0, 1.0, 1.0, 0.0, 1.0, 1.0, 1.0, 0.0], [1.0, 0.0, 1.0, 1.0, 1.0, 1.0, 1.0, 1.0, 1.0, 1.0], [0.0, 1.0, 0.0, 0.0, 1.0, 0.0, 1.0, 1.0, 0.0, 1.0]]",25398,,,
050b4ce4-9227-4623-ae5b-5173b07696af,b8e8bcbe-8646-4607-8778-d86d7ffc71b8,"[0.7221659421920776, 0.0005258321762084961, -0.9939929246902466, 0.4951629638671875]","[[1.0, 1.0, 1.0, 1.0, 1.0, 1.0, 0.0, 1.0, 1.0, 0.0], [1.0, 1.0, 1.0, 1.0, 1.0, 0.0, 1.0, 1.0, 1.0, 0.0], [1.0, 0.0, 1.0, 1.0, 1.0, 1.0, 1.0, 1.0, 1.0, 1.0], [0.0, 1.0, 0.0, 0.0, 1.0, 0.0, 1.0, 1.0, 0.0, 1.0]]",194827,,,
54886e2b-43ec-49a2-a7ed-90fddfaf16cd,b8e8bcbe-8646-4607-8778-d86d7ffc71b8,"[0.7221659421920776, 0.0005258321762084961, -0.9939929246902466, 0.4951629638671875]","[[1.0, 1.0, 1.0, 1.0, 1.0, 1.0, 0.0, 1.0, 1.0, 0.0], [1.0, 1.0, 1.0, 1.0, 1.0, 0.0, 1.0, 1.0, 1.0, 0.0], [1.0, 0.0, 1.0, 1.0, 1.0, 1.0, 1.0, 1.0, 1.0, 1.0], [0.0, 1.0, 0.0, 0.0, 1.0, 0.0, 1.0, 1.0, 0.0, 1.0]]",157449,,,
aafbcb2a-ee24-4d6c-b7d4-75f53c0e8826,561ba17a-cda0-4233-9aaa-b8465a1f885e,"[-0.19141554832458496, -0.05294346809387207, -0.5007431507110596, 0.8249142169952393]","[[1.0, 1.0, 1.0, 0.0, 1.0, 0.0, 1.0, 1.0, 0.0, 1.0], [1.0, 1.0, 0.0, 1.0, 1.0, 1.0, 1.0, 0.0, 1.0, 1.0], [0.0, 1.0, 0.0, 1.0, 1.0, 1.0, 1.0, 0.0, 1.0, 0.0], [0.0, 0.0, 1.0, 1.0, 1.0, 0.0, 1.0, 1.0, 1.0, 1.0]]",326052,,,
c0e1fcda-db35-4618-a108-03d2e54c7b56,561ba17a-cda0-4233-9aaa-b8465a1f885e,"[-0.19141554832458496, -0.05294346809387207, -0.5007431507110596, 0.8249142169952393]","[[1.0, 1.0, 1.0, 0.0, 1.0, 0.0, 1.0, 1.0, 0.0, 1.0], [1.0, 1.0, 0.0, 1.0, 1.0, 1.0, 1.0, 0.0, 1.0, 1.0], [0.0, 1.0, 0.0, 1.0, 1.0, 1.0, 1.0, 0.0, 1.0, 0.0], [0.0, 0.0, 1.0, 1.0, 1.0, 0.0, 1.0, 1.0, 1.0, 1.0]]",69601,,,
cd9355ac-0158-44de-b771-d3c995979555,561ba17a-cda0-4233-9aaa-b8465a1f885e,"[-0.19141554832458496, -0.05294346809387207, -0.5007431507110596, 0.8249142169952393]","[[1.0, 1.0, 1.0, 0.0, 1.0, 0.0, 1.0, 1.0, 0.0, 1.0], [1.0, 1.0, 0.0, 1.0, 1.0, 1.0, 1.0, 0.0, 1.0, 1.0], [0.0, 1.0, 0.0, 1.0, 1.0, 1.0, 1.0, 0.0, 1.0, 0.0], [0.0, 0.0, 1.0, 1.0, 1.0, 0.0, 1.0, 1.0, 1.0, 1.0]]",505543,,,
6ae60ae7-3eef-4052-87b1-8caac353f4c9,561ba17a-cda0-4233-9aaa-b8465a1f885e,"[-0.19141554832458496, -0.05294346809387207, -0.5007431507110596, 0.8249142169952393]","[[1.0, 1.0, 1.0, 0.0, 1.0, 0.0, 1.0, 1.0, 0.0, 1.0], [1.0, 1.0, 0.0, 1.0, 1.0, 1.0, 1.0, 0.0, 1.0, 1.0], [0.0, 1.0, 0.0, 1.0, 1.0, 1.0, 1.0, 0.0, 1.0, 0.0], [0.0, 0.0, 1.0, 1.0, 1.0, 0.0, 1.0, 1.0, 1.0, 1.0]]",745284,,,
0a14d1e0-a094-4b7d-844a-ca81b8fed0a5,561ba17a-cda0-4233-9aaa-b8465a1f885e,"[-0.19141554832458496, -0.05294346809387207, -0.5007431507110596, 0.8249142169952393]","[[1.0, 1.0, 1.0, 0.0, 1.0, 0.0, 1.0, 1.0, 0.0, 1.0], [1.0, 1.0, 0.0, 1.0, 1.0, 1.0, 1.0, 0.0, 1.0, 1.0], [0.0, 1.0, 0.0, 1.0, 1.0, 1.0, 1.0, 0.0, 1.0, 0.0], [0.0, 0.0, 1.0, 1.0, 1.0, 0.0, 1.0, 1.0, 1.0, 1.0]]",260971,,,
2544df25-67db-4906-adbf-0ac0917a26be,899d2775-78f6-47d2-8af2-93af3451a49f,"[-0.5109976530075073, -0.9631173610687256, 0.8406738042831421, 0.6388334035873413]","[[1.0, 1.0, 1.0, 0.0, 1.0, 1.0, 0.0, 1.0, 1.0, 1.0], [0.0, 1.0, 1.0, 1.0, 1.0, 0.0, 1.0, 1.0, 0.0, 1.0], [1.0, 1.0, 0.0, 0.0, 0.0, 1.0, 1.0, 1.0, 1.0, 1.0], [0.0, 1.0, 0.0, 1.0, 1.0, 1.0, 1.0, 1.0, 1.0, 1.0]]",395680,,,
9d385c28-fb3b-4b74-9097-9852c0a47c62,899d2775-78f6-47d2-8af2-93af3451a49f,"[-0.5109976530075073, -0.9631173610687256, 0.8406738042831421, 0.6388334035873413]","[[1.0, 1.0, 1.0, 0.0, 1.0, 1.0, 0.0, 1.0, 1.0, 1.0], [0.0, 1.0, 1.0, 1.0, 1.0, 0.0, 1.0, 1.0, 0.0, 1.0], [1.0, 1.0, 0.0, 0.0, 0.0, 1.0, 1.0, 1.0, 1.0, 1.0], [0.0, 1.0, 0.0, 1.0, 1.0, 1.0, 1.0, 1.0, 1.0, 1.0]]",544773,,,
2931ba87-5dc8-4a4b-9046-13eec3502c07,899d2775-78f6-47d2-8af2-93af3451a49f,"[-0.5109976530075073, -0.9631173610687256, 0.8406738042831421, 0.6388334035873413]","[[1.0, 1.0, 1.0, 0.0, 1.0, 1.0, 0.0, 1.0, 1.0, 1.0], [0.0, 1.0, 1.0, 1.0, 1.0, 0.0, 1.0, 1.0, 0.0, 1.0], [1.0, 1.0, 0.0, 0.0, 0.0, 1.0, 1.0, 1.0, 1.0, 1.0], [0.0, 1.0, 0.0, 1.0, 1.0, 1.0, 1.0, 1.0, 1.0, 1.0]]",321884,,,
8fa5d8fb-ba58-4be5-93cd-2c7065392887,899d2775-78f6-47d2-8af2-93af3451a49f,"[-0.5109976530075073, -0.9631173610687256, 0.8406738042831421, 0.6388334035873413]","[[1.0, 1.0, 1.0, 0.0, 1.0, 1.0, 0.0, 1.0, 1.0, 1.0], [0.0, 1.0, 1.0, 1.0, 1.0, 0.0, 1.0, 1.0, 0.0, 1.0], [1.0, 1.0, 0.0, 0.0, 0.0, 1.0, 1.0, 1.0, 1.0, 1.0], [0.0, 1.0, 0.0, 1.0, 1.0, 1.0, 1.0, 1.0, 1.0, 1.0]]",190343,,,
b3075190-0ac2-4f59-b6e4-df56022275dc,899d2775-78f6-47d2-8af2-93af3451a49f,"[-0.5109976530075073, -0.9631173610687256, 0.8406738042831421, 0.6388334035873413]","[[1.0, 1.0, 1.0, 0.0, 1.0, 1.0, 0.0, 1.0, 1.0, 1.0], [0.0, 1.0, 1.0, 1.0, 1.0, 0.0, 1.0, 1.0, 0.0, 1.0], [1.0, 1.0, 0.0, 0.0, 0.0, 1.0, 1.0, 1.0, 1.0, 1.0], [0.0, 1.0, 0.0, 1.0, 1.0, 1.0, 1.0, 1.0, 1.0, 1.0]]",178250,,,
695d0a13-ebb6-48ab-85ec-dfe293c94754,0764a55e-a7a9-4c1f-b813-12209f665437,"[-0.13957726955413818, 0.3885077238082886, 0.5437999963760376, -0.6163986921310425]","[[0.0, 0.0, 1.0, 1.0, 1.0, 1.0, 1.0, 1.0, 1.0, 0.0], [0.0, 1.0, 1.0, 1.0, 1.0, 0.0, 1.0, 0.0, 1.0, 0.0], [1.0, 1.0, 1.0, 0.0, 0.0, 0.0, 0.0, 1.0, 1.0, 1.0], [1.0, 0.0, 1.0, 1.0, 1.0, 1.0, 0.0, 1.0, 1.0, 1.0]]",384991,,,
558b213c-e1c2-4f2e-8012-dcdd47e30d32,0764a55e-a7a9-4c1f-b813-12209f665437,"[-0.13957726955413818, 0.3885077238082886, 0.5437999963760376, -0.6163986921310425]","[[0.0, 0.0, 1.0, 1.0, 1.0, 1.0, 1.0, 1.0, 1.0, 0.0], [0.0, 1.0, 1.0, 1.0, 1.0, 0.0, 1.0, 0.0, 1.0, 0.0], [1.0, 1.0, 1.0, 0.0, 0.0, 0.0, 0.0, 1.0, 1.0, 1.0], [1.0, 0.0, 1.0, 1.0, 1.0, 1.0, 0.0, 1.0, 1.0, 1.0]]",852629,,,
dc101260-1fd3-4358-8aeb-a9c308f79ba3,0764a55e-a7a9-4c1f-b813-12209f665437,"[-0.13957726955413818, 0.3885077238082886, 0.5437999963760376, -0.6163986921310425]","[[0.0, 0.0, 1.0, 1.0, 1.0, 1.0, 1.0, 1.0, 1.0, 0.0], [0.0, 1.0, 1.0, 1.0, 1.0, 0.0, 1.0, 0.0, 1.0, 0.0], [1.0, 1.0, 1.0, 0.0, 0.0, 0.0, 0.0, 1.0, 1.0, 1.0], [1.0, 0.0, 1.0, 1.0, 1.0, 1.0, 0.0, 1.0, 1.0, 1.0]]",91264,,,
50962af0-9121-4c96-9d2a-4793e2e92fda,0764a55e-a7a9-4c1f-b813-12209f665437,"[-0.13957726955413818, 0.3885077238082886, 0.5437999963760376, -0.6163986921310425]","[[0.0, 0.0, 1.0, 1.0, 1.0, 1.0, 1.0, 1.0, 1.0, 0.0], [0.0, 1.0, 1.0, 1.0, 1.0, 0.0, 1.0, 0.0, 1.0, 0.0], [1.0, 1.0, 1.0, 0.0, 0.0, 0.0, 0.0, 1.0, 1.0, 1.0], [1.0, 0.0, 1.0, 1.0, 1.0, 1.0, 0.0, 1.0, 1.0, 1.0]]",734063,,,
decad14e-bc81-4c10-9b72-4dbf3fc63c69,0764a55e-a7a9-4c1f-b813-12209f665437,"[-0.13957726955413818, 0.3885077238082886, 0.5437999963760376, -0.6163986921310425]","[[0.0, 0.0, 1.0, 1.0, 1.0, 1.0, 1.0, 1.0, 1.0, 0.0], [0.0, 1.0, 1.0, 1.0, 1.0, 0.0, 1.0, 0.0, 1.0, 0.0], [1.0, 1.0, 1.0, 0.0, 0.0, 0.0, 0.0, 1.0, 1.0, 1.0], [1.0, 0.0, 1.0, 1.0, 1.0, 1.0, 0.0, 1.0, 1.0, 1.0]]",195732,,,
c46bf9dd-b3dd-48c7-898f-911d3d94cb55,95b558c1-6bde-4c5e-858b-37371662de07,"[0.5600117444992065, -0.7503701448440552, 0.8961020708084106, -0.6371883153915405]","[[1.0, 0.0, 1.0, 0.0, 1.0, 1.0, 1.0, 0.0, 0.0, 1.0], [0.0, 1.0, 1.0, 1.0, 0.0, 1.0, 1.0, 1.0, 0.0, 1.0], [1.0, 1.0, 0.0, 1.0, 1.0, 1.0, 1.0, 1.0, 0.0, 0.0], [1.0, 0.0, 1.0, 1.0, 0.0, 1.0, 1.0, 1.0, 0.0, 1.0]]",258664,,,
08ed7581-1c6b-48c2-b69c-d09ce3e74d91,95b558c1-6bde-4c5e-858b-37371662de07,"[0.5600117444992065, -0.7503701448440552, 0.8961020708084106, -0.6371883153915405]","[[1.0, 0.0, 1.0, 0.0, 1.0, 1.0, 1.0, 0.0, 0.0, 1.0], [0.0, 1.0, 1.0, 1.0, 0.0, 1.0, 1.0, 1.0, 0.0, 1.0], [1.0, 1.0, 0.0, 1.0, 1.0, 1.0, 1.0, 1.0, 0.0, 0.0], [1.0, 0.0, 1.0, 1.0, 0.0, 1.0, 1.0, 1.0, 0.0, 1.0]]",725003,,,
afd657d2-dd82-4fa0-80ff-4b399efbbbd6,95b558c1-6bde-4c5e-858b-37371662de07,"[0.5600117444992065, -0.7503701448440552, 0.8961020708084106, -0.6371883153915405]","[[1.0, 0.0, 1.0, 0.0, 1.0, 1.0, 1.0, 0.0, 0.0, 1.0], [0.0, 1.0, 1.0, 1.0, 0.0, 1.0, 1.0, 1.0, 0.0, 1.0], [1.0, 1.0, 0.0, 1.0, 1.0, 1.0, 1.0, 1.0, 0.0, 0.0], [1.0, 0.0, 1.0, 1.0, 0.0, 1.0, 1.0, 1.0, 0.0, 1.0]]",742594,,,
45178184-dc4d-428b-8ab7-77705bd9f7f3,95b558c1-6bde-4c5e-858b-37371662de07,"[0.5600117444992065, -0.7503701448440552, 0.8961020708084106, -0.6371883153915405]","[[1.0, 0.0, 1.0, 0.0, 1.0, 1.0, 1.0, 0.0, 0.0, 1.0], [0.0, 1.0, 1.0, 1.0, 0.0, 1.0, 1.0, 1.0, 0.0, 1.0], [1.0, 1.0, 0.0, 1.0, 1.0, 1.0, 1.0, 1.0, 0.0, 0.0], [1.0, 0.0, 1.0, 1.0, 0.0, 1.0, 1.0, 1.0, 0.0, 1.0]]",809096,,,
c51c687a-d4a2-4c40-aa91-55c313566454,95b558c1-6bde-4c5e-858b-37371662de07,"[0.5600117444992065, -0.7503701448440552, 0.8961020708084106, -0.6371883153915405]","[[1.0, 0.0, 1.0, 0.0, 1.0, 1.0, 1.0, 0.0, 0.0, 1.0], [0.0, 1.0, 1.0, 1.0, 0.0, 1.0, 1.0, 1.0, 0.0, 1.0], [1.0, 1.0, 0.0, 1.0, 1.0, 1.0, 1.0, 1.0, 0.0, 0.0], [1.0, 0.0, 1.0, 1.0, 0.0, 1.0, 1.0, 1.0, 0.0, 1.0]]",679669,,,
1ee75359-b124-447e-925c-9972c0c7b696,936d89d4-e490-432d-9309-ba2de32132cb,"[0.5107578039169312, 0.7363297939300537, -0.9894001483917236, -0.6333929300308228]","[[1.0, 1.0, 0.0, 1.0, 0.0, 0.0, 1.0, 1.0, 1.0, 1.0], [1.0, 1.0, 1.0, 0.0, 0.0, 1.0, 0.0, 1.0, 1.0, 1.0], [0.0, 0.0, 1.0, 1.0, 0.0, 1.0, 1.0, 1.0, 1.0, 1.0], [1.0, 0.0, 0.0, 0.0, 0.0, 0.0, 1.0, 1.0, 1.0, 0.0]]",433083,,,
222a92a4-60ad-407d-95b0-2a7e90bca6a4,936d89d4-e490-432d-9309-ba2de32132cb,"[0.5107578039169312, 0.7363297939300537, -0.9894001483917236, -0.6333929300308228]","[[1.0, 1.0, 0.0, 1.0, 0.0, 0.0, 1.0, 1.0, 1.0, 1.0], [1.0, 1.0, 1.0, 0.0, 0.0, 1.0, 0.0, 1.0, 1.0, 1.0], [0.0, 0.0, 1.0, 1.0, 0.0, 1.0, 1.0, 1.0, 1.0, 1.0], [1.0, 0.0, 0.0, 0.0, 0.0, 0.0, 1.0, 1.0, 1.0, 0.0]]",985283,,,
7cae132e-faa3-45af-82ec-a1940749f15e,936d89d4-e490-432d-9309-ba2de32132cb,"[0.5107578039169312, 0.7363297939300537, -0.9894001483917236, -0.6333929300308228]","[[1.0, 1.0, 0.0, 1.0, 0.0, 0.0, 1.0, 1.0, 1.0, 1.0], [1.0, 1.0, 1.0, 0.0, 0.0, 1.0, 0.0, 1.0, 1.0, 1.0], [0.0, 0.0, 1.0, 1.0, 0.0, 1.0, 1.0, 1.0, 1.0, 1.0], [1.0, 0.0, 0.0, 0.0, 0.0, 0.0, 1.0, 1.0, 1.0, 0.0]]",81722,,,
6c71053e-b4b1-468d-b767-2c4c178f918c,936d89d4-e490-432d-9309-ba2de32132cb,"[0.5107578039169312, 0.7363297939300537, -0.9894001483917236, -0.6333929300308228]","[[1.0, 1.0, 0.0, 1.0, 0.0, 0.0, 1.0, 1.0, 1.0, 1.0], [1.0, 1.0, 1.0, 0.0, 0.0, 1.0, 0.0, 1.0, 1.0, 1.0], [0.0, 0.0, 1.0, 1.0, 0.0, 1.0, 1.0, 1.0, 1.0, 1.0], [1.0, 0.0, 0.0, 0.0, 0.0, 0.0, 1.0, 1.0, 1.0, 0.0]]",490187,,,
4160f966-1b04-4dc0-b903-1897a3a94bb6,936d89d4-e490-432d-9309-ba2de32132cb,"[0.5107578039169312, 0.7363297939300537, -0.9894001483917236, -0.6333929300308228]","[[1.0, 1.0, 0.0, 1.0, 0.0, 0.0, 1.0, 1.0, 1.0, 1.0], [1.0, 1.0, 1.0, 0.0, 0.0, 1.0, 0.0, 1.0, 1.0, 1.0], [0.0, 0.0, 1.0, 1.0, 0.0, 1.0, 1.0, 1.0, 1.0, 1.0], [1.0, 0.0, 0.0, 0.0, 0.0, 0.0, 1.0, 1.0, 1.0, 0.0]]",938540,,,
e26cb863-b329-40d1-b337-37e57603ba2c,7e0031c6-92be-4656-9ccd-28d0c151c71c,"[-0.18369078636169434, -0.4166069030761719, 0.12054848670959473, 0.43622303009033203]","[[0.0, 1.0, 0.0, 1.0, 1.0, 1.0, 1.0, 0.0, 1.0, 1.0], [0.0, 1.0, 1.0, 1.0, 1.0, 1.0, 1.0, 1.0, 0.0, 1.0], [0.0, 1.0, 0.0, 1.0, 1.0, 0.0, 1.0, 1.0, 1.0, 1.0], [0.0, 1.0, 1.0, 1.0, 1.0, 1.0, 1.0, 1.0, 1.0, 1.0]]",289320,,,
a32f5cae-aa65-42bd-8597-cb9b3f15f7e9,7e0031c6-92be-4656-9ccd-28d0c151c71c,"[-0.18369078636169434, -0.4166069030761719, 0.12054848670959473, 0.43622303009033203]","[[0.0, 1.0, 0.0, 1.0, 1.0, 1.0, 1.0, 0.0, 1.0, 1.0], [0.0, 1.0, 1.0, 1.0, 1.0, 1.0, 1.0, 1.0, 0.0, 1.0], [0.0, 1.0, 0.0, 1.0, 1.0, 0.0, 1.0, 1.0, 1.0, 1.0], [0.0, 1.0, 1.0, 1.0, 1.0, 1.0, 1.0, 1.0, 1.0, 1.0]]",692916,,,
6202bafb-d603-4cc7-900d-e56ce51663f9,7e0031c6-92be-4656-9ccd-28d0c151c71c,"[-0.18369078636169434, -0.4166069030761719, 0.12054848670959473, 0.43622303009033203]","[[0.0, 1.0, 0.0, 1.0, 1.0, 1.0, 1.0, 0.0, 1.0, 1.0], [0.0, 1.0, 1.0, 1.0, 1.0, 1.0, 1.0, 1.0, 0.0, 1.0], [0.0, 1.0, 0.0, 1.0, 1.0, 0.0, 1.0, 1.0, 1.0, 1.0], [0.0, 1.0, 1.0, 1.0, 1.0, 1.0, 1.0, 1.0, 1.0, 1.0]]",172153,,,
8aa2fe62-693b-4dad-a1a9-e2cffd724ba6,7e0031c6-92be-4656-9ccd-28d0c151c71c,"[-0.18369078636169434, -0.4166069030761719, 0.12054848670959473, 0.43622303009033203]","[[0.0, 1.0, 0.0, 1.0, 1.0, 1.0, 1.0, 0.0, 1.0, 1.0], [0.0, 1.0, 1.0, 1.0, 1.0, 1.0, 1.0, 1.0, 0.0, 1.0], [0.0, 1.0, 0.0, 1.0, 1.0, 0.0, 1.0, 1.0, 1.0, 1.0], [0.0, 1.0, 1.0, 1.0, 1.0, 1.0, 1.0, 1.0, 1.0, 1.0]]",946252,,,
f5434053-b6de-44f4-a91e-e2a9fccf6bda,7e0031c6-92be-4656-9ccd-28d0c151c71c,"[-0.18369078636169434, -0.4166069030761719, 0.12054848670959473, 0.43622303009033203]","[[0.0, 1.0, 0.0, 1.0, 1.0, 1.0, 1.0, 0.0, 1.0, 1.0], [0.0, 1.0, 1.0, 1.0, 1.0, 1.0, 1.0, 1.0, 0.0, 1.0], [0.0, 1.0, 0.0, 1.0, 1.0, 0.0, 1.0, 1.0, 1.0, 1.0], [0.0, 1.0, 1.0, 1.0, 1.0, 1.0, 1.0, 1.0, 1.0, 1.0]]",884931,,,
