,acc,loss,norm/embedding.weight,norm/attention_head.w_q.weight,norm/attention_head.w_q.bias,norm/attention_head.w_k.weight,norm/attention_head.w_k.bias,norm/attention_head.w_v.weight,norm/attention_head.w_v.bias,norm/attention_head.w_o.weight,norm/attention_head.w_o.bias,norm/mlp.0.weight,norm/mlp.0.bias,norm/mlp.2.weight,norm/mlp.2.bias,norm/unembedding.weight,norm/unembedding.bias,eval_acc
0,0.4,1.0156954526901245,0.03101300075650215,0.0042227450758218765,0.0019981616642326117,0.004945778753608465,1.49573209373699e-09,0.08593863248825073,0.050309520214796066,0.09385348111391068,0.09321600943803787,0.12255813181400299,0.1645064353942871,0.07610385119915009,0.19478411972522736,0.19533482193946838,0.374853253364563,0.5889447331428528
1,0.4,0.9744800329208374,0.02279818430542946,0.00484552001580596,0.002295965561643243,0.00568850664421916,2.718647529320606e-10,0.07107698172330856,0.040004562586545944,0.07696765661239624,0.0770469382405281,0.10480920970439911,0.14188192784786224,0.05493133142590523,0.16703109443187714,0.1572505533695221,0.3414701521396637,0.5889447331428528
2,0.4,0.9429633021354675,0.012399604544043541,0.003232138231396675,0.0015308065339922905,0.003807638306170702,2.261110881862649e-10,0.040668364614248276,0.020752163603901863,0.05508965253829956,0.05127336084842682,0.09679002314805984,0.12184761464595795,0.05155140161514282,0.1469237357378006,0.14037542045116425,0.3123815357685089,0.8301507830619812
3,1.0,0.9179059267044067,0.0133412079885602,0.004306100308895111,0.002036940772086382,0.005109259858727455,4.6064110859056484e-10,0.043386127799749374,0.023030277341604233,0.05319656431674957,0.04604203626513481,0.09749440848827362,0.10873416066169739,0.05498763918876648,0.1319933980703354,0.13788169622421265,0.2871743142604828,0.4110552668571472
4,0.6,0.8948686718940735,0.010379116050899029,0.001682437607087195,0.0007942597148939967,0.002013199729844928,7.037867510995e-11,0.0354330912232399,0.015474439598619938,0.05485561490058899,0.03771317005157471,0.08841288089752197,0.08159785717725754,0.060035791248083115,0.11913587898015976,0.14078056812286377,0.2632061839103699,0.4110552668571472
5,0.6,0.8741680383682251,0.011676295660436153,0.0011407771380618215,0.000537628773599863,0.0013769188662990928,7.703672699754804e-10,0.0372711643576622,0.01501998957246542,0.057944804430007935,0.03528454154729843,0.09223372489213943,0.07280009239912033,0.06575974822044373,0.10736829042434692,0.14689968526363373,0.24030137062072754,0.4110552668571472
6,0.6,0.8537093997001648,0.01307719200849533,7.743077730992809e-05,3.641939110821113e-05,9.412873623659834e-05,1.1269253308299199e-09,0.039381735026836395,0.014454186893999577,0.06028210371732712,0.0320182628929615,0.09420748054981232,0.06322669982910156,0.07099126279354095,0.09601273387670517,0.15687772631645203,0.2173944115638733,0.4110552668571472
7,0.6,0.8334264755249023,0.013829098083078861,0.00221423152834177,0.001038980670273304,0.002703620819374919,9.93801041460074e-10,0.04078105092048645,0.013305546715855598,0.06065082177519798,0.027575233951210976,0.09263082593679428,0.05230524018406868,0.07479067146778107,0.08538942039012909,0.1675509512424469,0.19514521956443787,0.4110552668571472
8,0.6,0.8136245012283325,0.01349733117967844,0.00536296796053648,0.0025096358731389046,0.006543524097651243,3.0133711081958836e-09,0.04065663740038872,0.010959920473396778,0.058161597698926926,0.02167724445462227,0.08595632016658783,0.03961046040058136,0.07673821598291397,0.07646457105875015,0.17702743411064148,0.1755502074956894,0.4110552668571472
9,0.6,0.7946338653564453,0.012511832639575005,0.009413359686732292,0.0043921987526118755,0.011446792632341385,7.385967837336693e-09,0.039119500666856766,0.007175672799348831,0.052531275898218155,0.014635947532951832,0.07371235638856888,0.025752270594239235,0.0776505246758461,0.07135721296072006,0.18598923087120056,0.16208331286907196,0.4110552668571472
10,0.6,0.7767280340194702,0.012412185780704021,0.014321156777441502,0.006662832573056221,0.017342688515782356,1.682996741969589e-09,0.03748679533600807,0.004585749004036188,0.04423807933926582,0.009934229776263237,0.0570589154958725,0.015188701450824738,0.0798465833067894,0.0720026046037674,0.19797269999980927,0.15778310596942902,0.4110552668571472
11,0.6,0.7599173188209534,0.015222178772091866,0.01977543719112873,0.009178359061479568,0.023845985531806946,2.3111446090240406e-09,0.03831342235207558,0.0101027712225914,0.03520188853144646,0.014586460776627064,0.040307462215423584,0.019433628767728806,0.08564938604831696,0.07777091860771179,0.21664555370807648,0.16228216886520386,0.4110552668571472
12,0.6,0.7435616254806519,0.020325059071183205,0.024774987250566483,0.011485527269542217,0.029794929549098015,2.020896339161027e-09,0.043081577867269516,0.017915425822138786,0.028919415548443794,0.02284676767885685,0.03138229250907898,0.03048291616141796,0.09403234720230103,0.085137277841568,0.2393915355205536,0.17048408091068268,0.4110552668571472
13,0.6,0.7264429330825806,0.02508055977523327,0.027735693380236626,0.01286594569683075,0.03336554765701294,3.218046717989864e-09,0.04956427589058876,0.023944148793816566,0.027248607948422432,0.028618356212973595,0.030858710408210754,0.0378781333565712,0.09960233420133591,0.08978630602359772,0.25490325689315796,0.1753253936767578,0.4110552668571472
14,0.6,0.7076672315597534,0.027862997725605965,0.027352072298526764,0.012716435827314854,0.03307124599814415,5.124180635363018e-09,0.054488085210323334,0.02596701681613922,0.028958486393094063,0.029586100950837135,0.030253039672970772,0.03875894099473953,0.09686771780252457,0.08885777741670609,0.25026264786720276,0.17163333296775818,0.4110552668571472
15,0.6,0.6875908970832825,0.029178529977798462,0.023358909413218498,0.010894982144236565,0.028601642698049545,1.515147229902425e-09,0.05690545216202736,0.023233091458678246,0.0346045047044754,0.025649864226579666,0.03266611322760582,0.03352663293480873,0.08482231199741364,0.08174297213554382,0.21956105530261993,0.15763427317142487,0.4110552668571472
16,0.6,0.6682862043380737,0.02851421758532524,0.013309136964380741,0.00622743321582675,0.016644682735204697,1.8333102813627988e-09,0.05422288924455643,0.010837109759449959,0.04803694784641266,0.01203346811234951,0.051696233451366425,0.024805733934044838,0.06834657490253448,0.06971795111894608,0.16962584853172302,0.1346200704574585,0.4110552668571472
17,0.6,0.6512718200683594,0.03222745656967163,0.0054167467169463634,0.002538376720622182,0.00696558179333806,2.0297705738414606e-09,0.05759549140930176,0.0039549716748297215,0.060093093663454056,0.00843391939997673,0.07099959254264832,0.019017737358808517,0.060911063104867935,0.055960047990083694,0.12884368002414703,0.10757791250944138,0.4110552668571472
18,0.6,0.6365422010421753,0.03624812886118889,0.002549328375607729,0.0011937568197026849,0.003382420167326927,1.6395946822456153e-09,0.0622311569750309,0.00855080783367157,0.07074864208698273,0.012096364051103592,0.08886606246232986,0.018288223072886467,0.0739111453294754,0.042855143547058105,0.14074711501598358,0.08080694079399109,0.4110552668571472
19,0.6,0.622980535030365,0.039622414857149124,0.009279931895434856,0.004333239048719406,0.01265912875533104,4.288447374989346e-09,0.06699271500110626,0.015000956133008003,0.07847721129655838,0.016657840460538864,0.10203821957111359,0.020175384357571602,0.0974249467253685,0.033153094351291656,0.19547872245311737,0.060235850512981415,0.4110552668571472
20,0.6,0.608096718788147,0.041948750615119934,0.012823392637073994,0.005961288698017597,0.017779866233468056,1.2592242804032594e-09,0.07020346075296402,0.01724575087428093,0.08238399773836136,0.017849884927272797,0.10883263498544693,0.02057717554271221,0.11604475975036621,0.028857054188847542,0.24232640862464905,0.05126464366912842,0.41206029057502747
21,0.6,0.5900413393974304,0.04327315092086792,0.010893363505601883,0.0050351787358522415,0.015194595791399479,2.135515320134118e-09,0.07083730399608612,0.012838203459978104,0.08137190341949463,0.01421748474240303,0.10733228176832199,0.019054701551795006,0.11965087801218033,0.032228726893663406,0.2505708336830139,0.058114007115364075,0.41206029057502747
22,0.6,0.5694781541824341,0.04564487561583519,0.0009556362056173384,0.000438764167483896,0.001332949148491025,3.384063473887977e-09,0.07078415155410767,0.004096497315913439,0.07371175289154053,0.009068536572158337,0.09442321956157684,0.02145126834511757,0.1031503677368164,0.0462474599480629,0.20816008746623993,0.08314062654972076,0.41206029057502747
23,0.6,0.549197793006897,0.05620831996202469,0.01839333400130272,0.008382687345147133,0.025607695803046227,7.162380910585853e-09,0.07843336462974548,0.02467302232980728,0.06025015562772751,0.020026374608278275,0.07023168355226517,0.03405148163437843,0.07501424103975296,0.06849141418933868,0.14770643413066864,0.12019868940114975,0.41407033801078796
24,0.8,0.5295671224594116,0.07724998891353607,0.040996383875608444,0.01854182593524456,0.057384781539440155,3.619304855817518e-09,0.0977456197142601,0.048950910568237305,0.051499929279088974,0.03625568747520447,0.05039454996585846,0.04890520125627518,0.06729640811681747,0.08831848949193954,0.15906962752342224,0.15102824568748474,0.43015074729919434
25,0.8,0.5067835450172424,0.08881668001413345,0.05244651064276695,0.023548005148768425,0.07398460805416107,3.5810723275631062e-09,0.10516498237848282,0.05725556239485741,0.05078538507223129,0.041506603360176086,0.04888095706701279,0.057343196123838425,0.07058778405189514,0.09681122750043869,0.17611348628997803,0.16168534755706787,0.4603015184402466
26,0.8,0.4796716570854187,0.08902870863676071,0.04869290813803673,0.02171296812593937,0.0690842941403389,1.0753776535921133e-08,0.1021023839712143,0.051343224942684174,0.05787162110209465,0.037127044051885605,0.06684380024671555,0.05356764793395996,0.07744987308979034,0.091383196413517,0.16547152400016785,0.14951501786708832,0.5417085289955139
27,0.8,0.4556357264518738,0.036001984030008316,0.006821195594966412,0.003020879812538624,0.009690540842711926,6.303650490480095e-09,0.05518495291471481,0.011241373606026173,0.06262589991092682,0.015203642658889294,0.09424876421689987,0.03285227343440056,0.11775095760822296,0.07674001902341843,0.23080021142959595,0.12280364334583282,0.6673367023468018
28,0.8,0.43409934639930725,0.050047628581523895,0.05402098968625069,0.023746483027935028,0.07648654282093048,9.655455990298378e-09,0.07939805835485458,0.04044204205274582,0.08536655455827713,0.028503740206360817,0.1345473974943161,0.038072265684604645,0.16686546802520752,0.06272215396165848,0.3280283212661743,0.09773968160152435,0.8331658244132996
29,0.8,0.40623775124549866,0.04577324539422989,0.05136055499315262,0.022399483248591423,0.07232063263654709,1.1357506046749677e-08,0.07709828019142151,0.03308988735079765,0.08689864724874496,0.025637323036789894,0.14060479402542114,0.03838708996772766,0.16855576634407043,0.06805074959993362,0.32259756326675415,0.10287302732467651,0.8331658244132996
30,0.8,0.37342995405197144,0.07179205864667892,0.033059705048799515,0.014300515875220299,0.04631178081035614,1.0178854203957144e-08,0.07774534821510315,0.027722248807549477,0.07139609009027481,0.029307309538125992,0.11353776603937149,0.045031458139419556,0.1259869635105133,0.09312369674444199,0.2339307963848114,0.1356062889099121,0.8331658244132996
31,0.8,0.3389451801776886,0.13145515322685242,0.10009148716926575,0.04292810708284378,0.13950806856155396,1.3183232283608959e-08,0.1190761998295784,0.06650596112012863,0.07362048327922821,0.04675848037004471,0.10829869657754898,0.054580509662628174,0.11538730561733246,0.1052115336060524,0.2179785966873169,0.14765724539756775,1.0
32,1.0,0.29900044202804565,0.11081020534038544,0.1777355968952179,0.07557334005832672,0.24648015201091766,1.6404236191647215e-08,0.1253228634595871,0.07871491461992264,0.10917288810014725,0.05187679082155228,0.17410798370838165,0.06584897637367249,0.16438935697078705,0.0766911581158638,0.2972528040409088,0.10500920563936234,1.0
33,1.0,0.25796979665756226,0.04858214780688286,0.024844935163855553,0.010484946891665459,0.03440399840474129,1.626193224524286e-08,0.07211247831583023,0.012864209711551666,0.07949615269899368,0.027876466512680054,0.14033231139183044,0.06717823445796967,0.12217932939529419,0.10235492885112762,0.22939230501651764,0.13382205367088318,1.0
34,1.0,0.2294861525297165,0.4393653869628906,0.4601808488368988,0.19273661077022552,0.6365007758140564,1.5432496169864862e-08,0.34432095289230347,0.23777633905410767,0.12282850593328476,0.12471367418766022,0.11267922073602676,0.09638844430446625,0.12117833644151688,0.12816406786441803,0.2560444176197052,0.15992657840251923,1.0
35,1.0,0.1828678548336029,0.04585697874426842,0.0740014910697937,0.030782410874962807,0.10154856741428375,3.086038091737464e-08,0.08426189422607422,0.02166486717760563,0.09493880718946457,0.042284466326236725,0.15964581072330475,0.07462525367736816,0.13472583889961243,0.06435436010360718,0.24606190621852875,0.07941055297851562,0.8301507830619812
36,1.0,0.16676071286201477,0.5849875807762146,0.8109461069107056,0.33506056666374207,1.1042895317077637,1.56741890577905e-08,0.42522498965263367,0.30991241335868835,0.17714063823223114,0.15239793062210083,0.2052668184041977,0.11862136423587799,0.20197652280330658,0.02288864366710186,0.3590911626815796,0.021922418847680092,1.0
37,1.0,0.11052672564983368,0.11505286395549774,0.06466503441333771,0.026616698130965233,0.08784254640340805,1.2282368011540257e-08,0.09920850396156311,0.04822658374905586,0.07325277477502823,0.039263125509023666,0.11669814586639404,0.061545271426439285,0.0978909432888031,0.05298137292265892,0.17833130061626434,0.06064606085419655,1.0
38,1.0,0.09736087173223495,0.4179415702819824,0.46932312846183777,0.19239366054534912,0.6357128620147705,2.0349219198578794e-08,0.2938992381095886,0.20414896309375763,0.09994596987962723,0.09722667932510376,0.09198751300573349,0.08934257924556732,0.09897883236408234,0.08326654136180878,0.18755203485488892,0.08945440500974655,1.0
39,1.0,0.06886839121580124,0.35090208053588867,0.39587944746017456,0.16159871220588684,0.5331238508224487,3.202412202085725e-08,0.24120475351810455,0.1668723225593567,0.08191891014575958,0.07749774307012558,0.07556365430355072,0.06978977471590042,0.07780159264802933,0.06118232384324074,0.14293384552001953,0.06367400288581848,0.8301507830619812
40,1.0,0.04669669270515442,0.13529737293720245,0.20292863249778748,0.0824773982167244,0.2713227868080139,5.965646199257435e-09,0.09386661648750305,0.06769575923681259,0.04571956396102905,0.03486098349094391,0.060946181416511536,0.03737944737076759,0.05821259692311287,0.021613681688904762,0.0995444729924202,0.02251962572336197,0.8301507830619812
41,1.0,0.0415838398039341,0.2497168928384781,0.35980749130249023,0.1456642597913742,0.4785867929458618,8.803223039421937e-09,0.16367335617542267,0.11891654133796692,0.06357412040233612,0.053523365408182144,0.06725580990314484,0.04173007979989052,0.06245643272995949,0.005389183759689331,0.10116816312074661,0.005681694019585848,0.8301507830619812
42,1.0,0.028714019805192947,0.1252552717924118,0.19129562377929688,0.07718978822231293,0.2537132501602173,6.8512173712065305e-09,0.0835726261138916,0.06023212522268295,0.0388762466609478,0.029429640620946884,0.048939384520053864,0.03151203319430351,0.04405343532562256,0.007408800069242716,0.07086218148469925,0.0074563524685800076,0.8301507830619812
43,1.0,0.018428225070238113,0.031016897410154343,0.05212836340069771,0.020971978083252907,0.06903907656669617,3.0115434590527457e-09,0.023922862485051155,0.016277311369776726,0.017482221126556396,0.012696512043476105,0.0258803553879261,0.017921730875968933,0.029749564826488495,0.014109144918620586,0.04884179309010506,0.013155300170183182,1.0
44,1.0,0.013509267941117287,0.02632373571395874,0.02700316533446312,0.010833467356860638,0.03574352338910103,1.4796408542849804e-09,0.019760029390454292,0.01297514047473669,0.012213354930281639,0.010457700118422508,0.018057338893413544,0.014904429204761982,0.026521729305386543,0.016046039760112762,0.04305237531661987,0.014444452710449696,1.0
45,1.0,0.010886011645197868,0.042005505412817,0.05053527653217316,0.02022077888250351,0.06688928604125977,5.772850530938456e-10,0.027958406135439873,0.019504142925143242,0.01211850717663765,0.011170349083840847,0.01546346303075552,0.013496814295649529,0.02428009919822216,0.01511653233319521,0.03864961117506027,0.013264626264572144,1.0
46,1.0,0.009002490900456905,0.16003380715847015,0.19894130527973175,0.07940483838319778,0.26339322328567505,2.331589588067118e-09,0.09861283749341965,0.0696859136223793,0.029484614729881287,0.027504809200763702,0.02165115810930729,0.018847793340682983,0.021671004593372345,0.01336050033569336,0.03395194932818413,0.011469210498034954,1.0
47,1.0,0.00639739353209734,0.035915520042181015,0.04455072060227394,0.017740095034241676,0.058978211134672165,2.611097116300698e-09,0.023103034123778343,0.016257407143712044,0.009183538146317005,0.008419373072683811,0.010956810787320137,0.009134677238762379,0.016587406396865845,0.009684480726718903,0.025575680658221245,0.008167179301381111,1.0
48,1.0,0.004296364728361368,0.04158608987927437,0.05165419355034828,0.020523827522993088,0.06838062405586243,1.7330912260860032e-09,0.025389624759554863,0.017838478088378906,0.008754699490964413,0.007884884253144264,0.009859716519713402,0.00780239375308156,0.011974013410508633,0.006538196001201868,0.018208201974630356,0.005429727025330067,1.0
49,1.0,0.0025396663695573807,0.024731507524847984,0.03044368326663971,0.012071690522134304,0.04029948264360428,3.016562277746715e-10,0.015002094209194183,0.010467994958162308,0.005334319081157446,0.004662500228732824,0.006353158038109541,0.00469052791595459,0.0074671232141554356,0.003724181791767478,0.011318769305944443,0.003060807241126895,0.8301507830619812
50,1.0,0.0014724682550877333,0.011860931292176247,0.014011714607477188,0.005545556545257568,0.01854664646089077,4.3735254307009086e-10,0.007264213170856237,0.0049604917876422405,0.0029307911172509193,0.002395103219896555,0.0039248159155249596,0.0026484965346753597,0.004373001866042614,0.0018925231415778399,0.006712640170007944,0.0015483555616810918,0.8301507830619812
51,1.0,0.0009234322351403534,0.0020278841257095337,0.0008564278832636774,0.0003383693692740053,0.001133569166995585,3.5387651142748666e-10,0.0019180623348802328,0.0009920659940689802,0.0016170721501111984,0.0010245965095236897,0.0025973794981837273,0.0014954744838178158,0.002606977242976427,0.0007686311146244407,0.004166757222265005,0.0006373567157424986,0.8301507830619812
52,1.0,0.0007167077856138349,0.007400806061923504,0.011554033495485783,0.004557658918201923,0.015293212607502937,1.167541840985109e-09,0.004437136463820934,0.0031704071443527937,0.0019559289794415236,0.001334604574367404,0.0024193162098526955,0.0011885004350915551,0.0022254895884543657,0.0001620915427338332,0.003486150875687599,0.00014503784768749028,0.8301507830619812
53,1.0,0.0007167790317907929,0.01692677102982998,0.024962758645415306,0.009832596406340599,0.03304469585418701,1.5566171684966434e-09,0.009685613214969635,0.0069892993196845055,0.0033088691998273134,0.002579800086095929,0.0031405764166265726,0.0015542656183242798,0.0029450892470777035,0.0006162815261632204,0.004193989094346762,0.00046048089279793203,0.8301507830619812
54,1.0,0.0007912018336355686,0.025574324652552605,0.037288155406713486,0.014668039977550507,0.04937102645635605,2.014021394103338e-09,0.01443513110280037,0.010410159826278687,0.004678109660744667,0.003761822823435068,0.0040454682894051075,0.00207103556022048,0.003846349660307169,0.0010498748160898685,0.005198572762310505,0.0007853112183511257,0.8301507830619812
55,1.0,0.0007888881373219192,0.028943656012415886,0.04211162403225899,0.016545703634619713,0.05577653646469116,8.769868165003913e-10,0.016207994893193245,0.011680947616696358,0.005171183031052351,0.004182362463325262,0.004335763864219189,0.0022430268581956625,0.004124340135604143,0.0012036683037877083,0.005445864517241716,0.0008957071113400161,0.8301507830619812
56,1.0,0.0006435437826439738,0.024752873927354813,0.036054033786058426,0.014150528237223625,0.04777563363313675,1.8030874571195454e-09,0.013799075037240982,0.009941400028765202,0.004392374772578478,0.003537943819537759,0.0036735155154019594,0.001881058095023036,0.003490669885650277,0.0010158377699553967,0.004563908092677593,0.0007505444809794426,0.8301507830619812
57,1.0,0.0004370458482299,0.01677309349179268,0.02450316585600376,0.009607795625925064,0.03248772770166397,1.575055752489618e-09,0.009332659654319286,0.006722890771925449,0.002988319844007492,0.0023822439834475517,0.0025391862727701664,0.0012674495810642838,0.0024132169783115387,0.0006716666975989938,0.0031534750014543533,0.0004922013613395393,0.8301507830619812
58,1.0,0.00026744644856080413,0.00972201582044363,0.014271900989115238,0.005591220688074827,0.018934154883027077,8.68555560806783e-10,0.005409569945186377,0.003896850859746337,0.0017568763578310609,0.0013778244610875845,0.0015409430488944054,0.000741979107260704,0.0014635341940447688,0.00037513909046538174,0.0019316329853609204,0.0002723385114222765,0.8301507830619812
59,1.0,0.0001603909331606701,0.005131743382662535,0.007594402879476547,0.0029728743247687817,0.010081618092954159,1.2306104746340196e-10,0.0028610622975975275,0.0020607798360288143,0.0009549051173962653,0.0007301611476577818,0.0008823761600069702,0.0004070074646733701,0.0008343990775756538,0.00018655936582945287,0.0011297898599877954,0.00013399739691521972,0.8301507830619812
60,1.0,0.00010059885971713811,0.002536672167479992,0.0038094869814813137,0.0014901787508279085,0.005060217343270779,3.5002314935361767e-10,0.001422309665940702,0.001023508608341217,0.0005021014949306846,0.0003677190688904375,0.0005060014082118869,0.00022320650168694556,0.0004744285251945257,8.3528648247011e-05,0.0006738010561093688,5.9656020312104374e-05,0.8301507830619812
61,1.0,6.846794713055715e-05,0.0011485834838822484,0.0017784013180062175,0.0006952138501219451,0.00236366200260818,2.2900492266386685e-11,0.0006560139008797705,0.0004695015959441662,0.00026416618493385613,0.00017848916468210518,0.00030664491350762546,0.0001315335393883288,0.0002856598875951022,3.446414848440327e-05,0.000434372341260314,2.641157880134415e-05,0.8301507830619812
62,1.0,5.113734368933365e-05,0.00041762908222153783,0.0007013148278929293,0.00027399565442465246,0.0009326205472461879,2.4509996462973582e-11,0.0002628808724693954,0.0001809429086279124,0.0001487086119595915,8.823216921882704e-05,0.0002073518407996744,9.065588528756052e-05,0.00019499477639328688,2.3511489416705444e-05,0.0003153979196213186,2.107151703967247e-05,0.8301507830619812
63,1.0,4.148223888478242e-05,7.138762157410383e-05,0.00012307036377023906,4.805618664249778e-05,0.00016374333063140512,4.427427174880094e-11,0.0001119369626394473,5.81012100155931e-05,0.00010304349416401237,5.913210770813748e-05,0.00016070624405983835,7.472521247109398e-05,0.00015547990915365517,2.9015549444011413e-05,0.0002576184051577002,2.492463681846857e-05,0.8301507830619812
64,1.0,3.585592639865354e-05,0.000206757802516222,0.0001928117999341339,7.525158434873447e-05,0.00025665166322141886,1.2480723052266107e-11,0.0001474957389291376,9.083413169719279e-05,9.201662032864988e-05,6.0246482462389395e-05,0.00013919502089265734,6.885768380016088e-05,0.0001388972596032545,3.3893753425218165e-05,0.00022830402303952724,2.799344110826496e-05,0.8301507830619812
65,1.0,3.242289676563814e-05,0.0003218008205294609,0.0003701286914292723,0.0001443910296075046,0.0004928848356939852,3.198643433455217e-11,0.00019785646873060614,0.00013185403076931834,9.227125701727346e-05,6.660648068645969e-05,0.00012872998195234686,6.647446571150795e-05,0.00013133751053828746,3.6679848562926054e-05,0.00021209215628914535,2.9667957278434187e-05,0.8301507830619812
66,1.0,3.0134213375276886e-05,0.00038950835005380213,0.00047352787805721164,0.00018465283210389316,0.0006308170268312097,2.232723901596234e-11,0.00023052534379530698,0.00015736892237327993,9.435314132133499e-05,7.151788304327056e-05,0.00012269220314919949,6.509506783913821e-05,0.00012689056165982038,3.806382665061392e-05,0.00020153399964328855,3.0387756851268932e-05,0.8301507830619812
67,1.0,2.853691330528818e-05,0.00042805037810467184,0.0005328658735379577,0.00020771472190972418,0.0007101083756424487,1.3849861361936444e-11,0.0002495972439646721,0.00017212786769960076,9.59228491410613e-05,7.448117685271427e-05,0.00011869731679325923,6.40467187622562e-05,0.00012367106683086604,3.859827484120615e-05,0.00019398736185394228,3.056163404835388e-05,0.8301507830619812
68,1.0,2.7368751034373417e-05,0.000450888997875154,0.0005685817450284958,0.00022156226623337716,0.0007579375524073839,1.883104956690307e-11,0.00026094206259585917,0.00018092754180543125,9.68228341662325e-05,7.618269592057914e-05,0.00011568520858418196,6.312203913694248e-05,0.00012100055027985945,3.868986095767468e-05,0.00018814491340890527,3.0457365937763825e-05,0.8301507830619812
69,1.0,2.6438990971655585e-05,0.00046299092355184257,0.0005882357363589108,0.00022915065346751362,0.0007843528874218464,1.1248823053588985e-11,0.00026683881878852844,0.0001855909067671746,9.70269029494375e-05,7.691337668802589e-05,0.00011316211748635396,6.221314106369391e-05,0.00011855039338115603,3.8480444345623255e-05,0.00018326265853829682,3.0170922400429845e-05,1.0
70,1.0,2.565228169260081e-05,0.00046988381654955447,0.0006001343717798591,0.0002337206096854061,0.0008004143601283431,3.277475513208117e-11,0.00027005517040379345,0.00018823076970875263,9.683741518529132e-05,7.714162347838283e-05,0.0001108523501898162,6.128137465566397e-05,0.00011619697033893317,3.8121499528642744e-05,0.00017884605040308088,2.9782064302708022e-05,1.0
71,1.0,2.4960932933026925e-05,0.00047161601833067834,0.0006043544854037464,0.00023530441103503108,0.0008062177221290767,2.9005799498382778e-11,0.00027058820705860853,0.0001888574770418927,9.620405035093427e-05,7.685759192099795e-05,0.00010869033576454967,6.032136661815457e-05,0.00011389248538762331,3.762423148145899e-05,0.00017480544920545071,2.9316472136997618e-05,1.0
72,1.0,2.434110501781106e-05,0.00047160821850411594,0.0006059246952645481,0.0002358613710384816,0.0008084664586931467,3.677386867240173e-11,0.0002702262136153877,0.0001888023834908381,9.545066859573126e-05,7.641351839993149e-05,0.00010668564937077463,5.938449612585828e-05,0.0001117213032557629,3.710084638441913e-05,0.0001711401273496449,2.8845253837062046e-05,1.0
73,1.0,2.3792799765942618e-05,0.00046923631452955306,0.0006039779982529581,0.00023505430726800114,0.0008060035761445761,1.0302468080036764e-11,0.0002686239022295922,0.00018781889230012894,9.447520278627053e-05,7.57277084630914e-05,0.0001047514087986201,5.8431851357454434e-05,0.00010959365317830816,3.6522422306006774e-05,0.00016768704517744482,2.8349380954750814e-05,1.0
74,1.0,2.326833418919705e-05,0.0004648863396141678,0.0005991504876874387,0.0002331310824956745,0.0007996769272722304,4.204065567892101e-11,0.0002659660531207919,0.00018605442892294377,9.327556472271681e-05,7.481990178348497e-05,0.00010280261631123722,5.7430104789091274e-05,0.00010744013707153499,3.5886176192434505e-05,0.0001642647839616984,2.781709008559119e-05,1.0
75,1.0,2.2743866793462075e-05,0.0004601151740644127,0.0005936948000453413,0.00023096820223145187,0.0007924938690848649,4.7740079250901957e-11,0.0002630836679600179,0.00018411994096823037,9.203401714330539e-05,7.386610377579927e-05,0.00010089726856676862,5.642667747451924e-05,0.0001053449886967428,3.52495517290663e-05,0.00016096742183435708,2.728864819800947e-05,1.0
76,1.0,2.2243239072849974e-05,0.00045485919690690935,0.0005875448696315289,0.0002285396185470745,0.0007843678467907012,1.9777996948522336e-11,0.0002599369327072054,0.00018198994803242385,9.072916873265058e-05,7.285204628715292e-05,9.899748692987487e-05,5.540532583836466e-05,0.00010327104246243834,3.46039560099598e-05,0.0001577132206875831,2.675486757652834e-05,1.0
77,1.0,2.176644920837134e-05,0.00044930531294085085,0.0005808476125821471,0.00022590214211959392,0.0007754959515295923,2.03614521077089e-11,0.00025665515568107367,0.00017974450020119548,8.9444758486934e-05,7.183603884186596e-05,9.723862604005262e-05,5.444224370876327e-05,0.00010134580952581018,3.398404078325257e-05,0.00015479285502806306,2.6260608137818053e-05,1.0
78,1.0,2.1313502656994388e-05,0.0004419517354108393,0.0005715544102713466,0.0002222588227596134,0.0007631445769220591,2.636854623538909e-11,0.00025240640388801694,0.00017678920994512737,8.793575398158282e-05,7.061156065901741e-05,9.541203326079994e-05,5.3420117183122784e-05,9.934689296642318e-05,3.3305856049992144e-05,0.00015179117326624691,2.5728606487973593e-05,1.0
79,1.0,2.0860552467638627e-05,0.0004356013669166714,0.0005637410213239491,0.00021919443679507822,0.0007527568377554417,1.4888635463394806e-11,0.00024868498439900577,0.00017422281962353736,8.653165423311293e-05,6.949035741854459e-05,9.362199489260092e-05,5.241471080807969e-05,9.742120892042294e-05,3.266652856837027e-05,0.00014885561540722847,2.5219504095730372e-05,1.0
80,1.0,2.043144377239514e-05,0.0004278838459867984,0.0005539038684219122,0.0002153462846763432,0.0007396556902676821,5.534868136730653e-12,0.00024424103321507573,0.0001711199729470536,8.4981023974251e-05,6.822605064371601e-05,9.183304064208642e-05,5.139368659001775e-05,9.549057722324505e-05,3.19957580359187e-05,0.000145973710459657,2.469899300194811e-05,1.0
81,1.0,1.9978489945060574e-05,0.0004207007586956024,0.0005448409356176853,0.00021180196199566126,0.0007275788229890168,1.063017555924528e-11,0.00024008084437809885,0.00016822447651065886,8.349220297532156e-05,6.70205699861981e-05,9.008206689031795e-05,5.039030656917021e-05,9.362214768771082e-05,3.135157021461055e-05,0.000143168363138102,2.4197095626732334e-05,1.0
82,1.0,1.9549379430827685e-05,0.0004124502884224057,0.0005342589574865997,0.00020766972738783807,0.0007134652114473283,6.518183128662036e-12,0.00023534278443548828,0.00016490777488797903,8.185790647985414e-05,6.568558455910534e-05,8.826493285596371e-05,4.934061871608719e-05,9.168909309664741e-05,3.0669820262119174e-05,0.00014025505515746772,2.366653825447429e-05,1.0
83,1.0,1.9120267097605392e-05,0.0004042419313918799,0.0005237102741375566,0.00020355278684291989,0.000699388503562659,7.006513425000804e-12,0.00023063254775479436,0.00016160767700057477,8.02396098151803e-05,6.436255353037268e-05,8.648816583445296e-05,4.830911711906083e-05,8.980825077742338e-05,3.0002142011653632e-05,0.00013743147428613156,2.3150036213337444e-05,1.0
84,1.0,1.8691152945393696e-05,0.0003975869913119823,0.0005153800011612475,0.0002003001281991601,0.0006882682791911066,2.303365137512614e-11,0.0002267587697133422,0.0001589166495250538,7.882340287324041e-05,6.322327681118622e-05,8.482473640469834e-05,4.734464528155513e-05,8.80722000147216e-05,2.940289596153889e-05,0.00013480911729857326,2.268347998324316e-05,1.0
85,1.0,1.8285878468304873e-05,0.0003893829125445336,0.0005048026796430349,0.00019617601356003433,0.0006741416291333735,1.7688810485805284e-11,0.00022205743880476803,0.0001556182833155617,7.721766451140866e-05,6.190944986883551e-05,8.30982462503016e-05,4.633539720089175e-05,8.626146882306784e-05,2.875415339076426e-05,0.00013209166354499757,2.218395638919901e-05,1.0
86,1.0,1.7904441847349517e-05,0.0003816472599282861,0.0004948200657963753,0.00019228472956456244,0.0006608047988265753,9.68492386982378e-12,0.0002176254492951557,0.00015250711294356734,7.5707801443059e-05,6.06725734542124e-05,8.14865852589719e-05,4.5388456783257425e-05,8.457479270873591e-05,2.814559411490336e-05,0.00012960622552782297,2.172370659536682e-05,1.0
87,1.0,1.752300522639416e-05,0.0003737114311661571,0.0004845646326430142,0.00018828891916200519,0.0006470999796874821,7.1676822463451195e-12,0.00021308222494553775,0.0001493165036663413,7.416272273985669e-05,5.940753544564359e-05,7.985061529325321e-05,4.442678618943319e-05,8.287074160762131e-05,2.753041007963475e-05,0.0001270652428502217,2.1254363673506305e-05,1.0
88,1.0,1.714157042442821e-05,0.0003659400681499392,0.0004745122860185802,0.00018437336257193238,0.0006336632068268955,2.2978034405762848e-11,0.00020863499958068132,0.00014619206194765866,7.265288149937987e-05,5.8171062846668065e-05,7.826196087989956e-05,4.349088703747839e-05,8.12207508715801e-05,2.6932963010040112e-05,0.0001246125320903957,2.08004676096607e-05,1.0
89,1.0,1.676013198448345e-05,0.00035799984470941126,0.0004642309795599431,0.00018037004338111728,0.0006199179333634675,1.0859473910385109e-11,0.00020409413264133036,0.00014300101611297578,7.111277955118567e-05,5.6910754210548475e-05,7.665065641049296e-05,4.254226223565638e-05,7.955342152854428e-05,2.632982977956999e-05,0.0001221031998284161,2.0337809473858215e-05,1.0
90,1.0,1.6426372894784436e-05,0.00035077575012110174,0.0004548721481114626,0.000176726229256019,0.0006074028788134456,8.459935876836688e-12,0.00019996246555820107,0.00014009616279508919,6.971441325731575e-05,5.576460171141662e-05,7.51947591197677e-05,4.1680224967421964e-05,7.804766210028902e-05,2.578081148385536e-05,0.00011989899212494493,1.9927269022446126e-05,1.0
91,1.0,1.606877412996255e-05,0.00034323305590078235,0.0004450917476788163,0.0001729195937514305,0.0005943233845755458,1.0213799424285686e-11,0.00019565164984669536,0.00013706512982025743,6.82557511026971e-05,5.457070074044168e-05,7.368217484327033e-05,4.078723941347562e-05,7.648885366506875e-05,2.5214836568920873e-05,0.00011756526509998366,1.949599572981242e-05,1.0
92,1.0,1.5735015040263534e-05,0.0003359043039381504,0.0004355830023996532,0.0001692193327471614,0.0005816053599119186,1.165401022212853e-11,0.00019146435079164803,0.00013412025873549283,6.684024265268818e-05,5.341204087017104e-05,7.22198310540989e-05,3.992293568444438e-05,7.498429476981983e-05,2.466775185894221e-05,0.00011531912605278194,1.908048943732865e-05,1.0
93,1.0,1.540125595056452e-05,0.0003287979925516993,0.0004263577575329691,0.00016562997188884765,0.0005692652775906026,4.8852280727651465e-12,0.00018740521045401692,0.0001312649401370436,6.546927033923566e-05,5.228975714999251e-05,7.080822979332879e-05,3.9087768527679145e-05,7.353399269049987e-05,2.413970469206106e-05,0.00011316058225929737,1.8680773791857064e-05,1.0
94,1.0,1.5091334716998972e-05,0.0003219206118956208,0.00041742518078535795,0.00016215497453231364,0.0005573153612203896,8.47982101204181e-12,0.0001834777503972873,0.00012850170605815947,6.414385279640555e-05,5.120465357322246e-05,6.944766937522218e-05,3.8281999877654016e-05,7.213778735604137e-05,2.3630735086044297e-05,0.00011108951002825052,1.8296821508556604e-05,1.0
95,1.0,1.4781411664444022e-05,0.0003151010605506599,0.0004085631517227739,0.00015870800416450948,0.0005454595666378736,4.654917076796217e-12,0.000179584720171988,0.00012576249719131738,6.283044785959646e-05,5.012993642594665e-05,6.810245395172387e-05,3.748604285647161e-05,7.075927715050057e-05,2.312893957423512e-05,0.00010903258225880563,1.7916448996402323e-05,1.0
96,1.0,1.4519173419103026e-05,0.00030754602630622685,0.0003985184011980891,0.00015480213914997876,0.0005320248892530799,1.2587737276137378e-11,0.00017532847414258868,0.00012274328037165105,6.148462853161618e-05,4.900728526990861e-05,6.684401159873232e-05,3.673185710795224e-05,6.945071800146252e-05,2.262920497742016e-05,0.00010716671386035159,1.7553447833051905e-05,1.0
97,1.0,1.4209251276042778e-05,0.00030085360049270093,0.0003898140857927501,0.000151417450979352,0.0005203798646107316,1.9487968530573774e-11,0.00017151089559774846,0.00012005689495708793,6.019729335093871e-05,4.795493805431761e-05,6.552985723828897e-05,3.5956014471594244e-05,6.810697232140228e-05,2.2141857698443346e-05,0.00010513699089642614,1.7180216673295945e-05,1.0
98,1.0,1.3923168808105402e-05,0.0002945816668216139,0.00038165334262885153,0.00014824431855231524,0.0005094610969536006,7.736815528514018e-12,0.0001679334236541763,0.00011753888247767463,5.899224561289884e-05,4.696913674706593e-05,6.43029561615549e-05,3.522980841808021e-05,6.685260450467467e-05,2.1685371393687092e-05,0.00010326733172405511,1.6834732377901673e-05,1.0
99,1.0,1.3660926015290897e-05,0.00028873205883428454,0.00037403914029709995,0.0001452838914701715,0.0004992723697796464,2.4522254019054834e-11,0.00016459696053061634,0.0001151898832176812,5.7869747251970693e-05,4.605005597113632e-05,6.316332292044535e-05,3.4553151635918766e-05,6.568742537638173e-05,2.12595932680415e-05,0.00010155790369026363,1.6516889445483685e-05,1.0
